name,hint1,hint2
Tom Holland,This performer started on stage in a musical about a young boy who loves to dance before pivoting to film action.,A British actor and gymnast who played a high school webslinger in the Marvel Cinematic Universe.
Keanu Reeves,An internetbeloved star known for performing his own intensive stunt work and custom motorcycle design.,A Canadian action icon who dodged bullets in a cyber virtual reality and played a hitman avenging his puppy.
LeBron James,A high school sports prodigy dubbed 'The Chosen One' who turned his athletic talent into a vast global brand.,An NBA legend nicknamed 'The King' who broke the league's all-time scoring record and won titles across three franchises.
Denzel Washington,"A commanding stage and screen performer celebrated for intense, gravellyvoiced dramatic portrayals.","A two-time Academy Award-winning actor famous for his roles in Training Day, Glory, and Malcolm X."
Pedro Pascal,An actor who competed as a state-level swimmer in Texas championships at age eleven before focusing his attention on theater.,He starred as a helmeted bounty hunter protecting Grogu and as Joel navigating a fungus-infested apocalypse.
Lionel Messi,A worldrenowned athlete who famously signed his first elite club contract on a tennis club paper napkin.,A South American left-footed soccer legend who won eight Ballons d'Or and led his nation to a 2022 World Cup title.
Stephen King,A prolific storyteller whose dark tales and supernatural mysteries almost always take place.,"The bestselling master of modern horror who created The Shining, It, Carrie, and Misery."
Gordon Ramsay,"A former youth soccer player whose sports career was cut short, prompting him to conquer a completely different industry.",A multi-Michelin-starred Scottish chef famous for his hot-tempered outbursts on reality television shows like Hell's Kitchen.
Dwayne Johnson,A former college football national champion who reinvented himself into a charismatic entertainment icon.,A third-generation WWE wrestler known as 'The Most Electrifying Man in Sports Entertainment' turned Hollywood action megastar.
Lin-Manuel Miranda,A theatrical composer who transformed his passion for hip-hop and storytelling into record-breaking stage productions.,The Pulitzer-winning creator and star of the hit Broadway musicals In the Heights and Hamilton.
Barack Obama,A former constitutional law professor and community organizer who won multiple awards for his spokenword audiobooks.,The 44th President of the United States and first African American commander-in-chief.
Shohei Ohtani,A rare modern athletic phenom who accomplishes achievements on the field not seen since the era.,A Japanese Major League Baseball icon celebrated as an elite pitcher and power hitter who achieved the first 50/50 season.
Cillian Murphy,An Irish actor who was the lead singer and guitarist in a rock band called The Sons of Mr. Green Genes before pivoting to acting.,An Irish performer who played Thomas Shelby in Peaky Blinders and won an Oscar for starring in Oppenheimer.
Banksy,A worldrenowned cultural figure whose true identity remains unconfirmed despite decades of global media attention.,An anonymous British street artist known for political stencil graffiti and shredding his own artwork at a Sotheby's auction.
Trevor Noah,A multilingual comedian whose bestselling autobiography detailed growing up during and immediately after.,A South African stand-up comic who served as the host of Comedy Central's The Daily Show from 2015 to 2022.
Usain Bolt,An international sports star famous for his signature 'To Di World' strike-a-pose celebration after winning competitions.,An eight-time Olympic gold medalist track star from Jamaica widely considered the fastest human runner in history.
Ryan Reynolds,"A witty comedy actor who has built a business empire spanning aviation gin, wireless networks, and soccer.",A Canadian actor celebrated for his fast-talking humor and portrayal of the foul-mouthed antihero Deadpool.
Kendrick Lamar,"A critically acclaimed lyricist hailed for introspective albums examining social commentary, religion, and internal conflict.",A West Coast rapper from Compton behind To Pimp a Butterfly who became the first hip-hop artist to win a Pulitzer Prize.
Jon Stewart,A prominent political commentator and advocate who has repeatedly testified before on behalf of 9/11 responders.,The satirical comedian who hosted Comedy Central's The Daily Show during its influential height from 1999 to 2015.
George R.R. Martin,A veteran television screenwriter and novelist who famously insists on writing his books on an offline computer.,"The epic fantasy novelist behind A Song of Ice and Fire, the literary foundation for HBO's Game of Thrones."
Lewis Hamilton,A highprofile sports figure prominent in high fashion and diversity initiatives across global motorsport.,A British racing driver tied for the most Formula 1 World Drivers' Championship titles in history with seven.
Guillermo del Toro,A master storyteller who maintains a dedicated suburban home solely to house his massive private collection of monster art and oddities.,"The Oscar-winning Mexican director behind dark, atmospheric fantasy films like Pan's Labyrinth and The Shape of Water."
Christopher Nolan,"A filmmaker noted for his strict preference for physical film stock, largeformat camera gear, and minimal digital.","The British-American director famous for mind-bending blockbusters like Inception, Interstellar, The Dark Knight, and Oppenheimer."
David Beckham,A former international team captain who crossed over from sports to become a global pop-culture celebrity and club owner.,"An English midfielder renowned for his curving free kicks, playing for Manchester United, Real Madrid, and the LA Galaxy."
Volodymyr Zelenskyy,An entertainer and voice actor who once won his nation's version of with the before entering public service.,The former comedic actor who portrayed a teacher-turned-leader in Servant of the People before being elected President of Ukraine.
Bad Bunny,A global music artist who went from bagging groceries in while posting tracks online to topping worldwide streaming charts.,A Latin trap and reggaeton icon who made history with the first all-Spanish album nominated for Album of the Year at the Grammys.
Ke Huy Quan,A famous 1980s child star who spent nearly two decades behind the camera in stunt choreography due to a lack of acting roles.,"He played Short Round and Data as a child before making a historic, Oscar-winning comeback in Everything Everywhere All at Once."
Tom Brady,An unheralded 6thround draft selection picked 199th overall who went on to achieve unmatched professional success.,"The NFL quarterback widely regarded as the GOAT, having won seven Super Bowl titles with New England and Tampa Bay."
M Night Shyamalan,A filmmaker who frequently self-finances his projects to retain creative freedom over his signature atmospheric thrillers.,"A director famous for supernatural films set around Philadelphia featuring famous plot twists, including The Sixth Sense and Unbreakable."
Haruki Murakami,A long-distance runner and former Tokyo jazz club owner who didn't write his first piece of fiction until his late twenties.,"An internationally acclaimed Japanese author whose surreal novels include Norwegian Wood, Kafka on the Shore, and 1Q84."
Stephen Colbert,"A comedian and avid scholar who originally gained fame playing a deadpan, ultraconservative news anchor.",The former host of The Colbert Report on Comedy Central who went on to succeed David Letterman on CBS's The Late Show.
Giannis Antetokounmpo,A towering athletic star who grew up in sharing a single pair of basketball shoes with his brother before entering the draft.,A multi-time NBA MVP and champion forward for the Milwaukee Bucks known worldwide as 'The Greek Freak'.
Dev Patel,A taekwondo black belt holder who transitioned into acting on a teen drama series before stepping behind the camera to direct action cinema.,The British actor who gained international stardom in Slumdog Millionaire and directed/starred in Monkey Man.
Ai Weiwei,An internationally influential creative who helped design the 'Bird's Nest' stadium before using his platform to challenge state authority.,A world-famous dissident Chinese contemporary artist and activist known for large-scale political installations like Sunflower Seeds.
Pedro Almodóvar,He spent over a decade working for national telephone company to finance his early underground super8 short films.,"An iconic Oscar-winning Spanish film director celebrated for colorful, melodramatic masterpieces like All About My Mother and Talk to Her."
Michael Jordan,An elite competitor whose athletic silhouette inspired one of the most profitable shoe and apparel brands in history.,A six-time NBA champion with the Chicago Bulls during the 1990s widely acclaimed as the greatest basketball player of all time.
Taika Waititi,A New Zealand actor and filmmaker who co-directed the acclaimed vampire mockumentary What We Do in the Shadows.,An Oscar-winning writer-director who revitalized Marvel's franchise with Thor: Ragnarok and wrote Jojo Rabbit.
John Oliver,A comedian who started as a senior correspondent on The before founding his own investigative comedy show.,"The multi-Emmy-winning host of HBO's Last Week Tonight, known for comedic, deep-dive journalistic rants on systemic issues."
Malcolm Gladwell,A distinctively hairstyled nonfiction writer and host of the podcast who popularized social science concepts.,"A Canadian journalist and author who wrote global bestsellers including The Tipping Point, Blink, and Outliers."
Cristiano Ronaldo,"A global sports superstar known for his intense fitness regimen, immense social media following, and iconic midair jumping celebration.","A five-time Ballon d'Or-winning Portuguese forward who starred for Manchester United, Real Madrid, and Juventus."
Kenan Thompson,A comic actor who starred in 1990s youth hits like & and the movie.,"The longest-tenured cast member in Saturday Night Live history, having joined Studio 8H in 2003."
Klaus Mäkelä,A cellist turned orchestral leader who rose to world renown while still in his twenties.,A Finnish classical music prodigy named chief conductor of top European groups and music director designated for the Royal Concertgebouw and Chicago Symphony.
David Chang,A outspoken chef and podcaster whose initial small pork bun and noodle stand sparked a global culinary brand.,The Korean-American founder of the Momofuku restaurant group and host of Netflix's Ugly Delicious.
Rory McIlroy,A prodigiously talented golfer who captured four major championships before reaching the age of 26.,A former World No. 1 golfer from Northern Ireland famous for his powerful swing and multiple PGA Tour victories.
Neil Gaiman,"A journalist turned celebrated darkfantasy writer whose work spans groundbreaking graphic novels, short stories, and adaptations.","The British author behind The Sandman comic series as well as acclaimed fantasy novels like American Gods, Coraline, and Stardust."
Novak Djokovic,"A tennis star renowned for extraordinary court coverage, flexibility, and spending the most weeks ranked 1.",The Serbian champion who holds the all-time record for the most men's singles Grand Slam titles in tennis history.
Bong Joon-ho,A filmmaker known for seamlessly shifting genres and tackling social inequality in films like of.,The director whose dark satire Parasite became the first non-English-language film to win Best Picture at the Academy Awards.
Jeff Probst,A four-time Emmy-winning television host known for his signature blue cargo shirts and outdoor reality competition commentary.,The long-time host and executive producer of Survivor who delivers iconic catchphrases like 'The tribe has spoken.'.
John Legend,A soulful piano balladeer and former management consultant who became one of the youngest artists to sweep all four major entertainment awards.,An EGOT-winning singer-songwriter behind romantic hit singles like 'All of Me' and a coach on The Voice.
Justin Trudeau,"A former high school drama,, and math teacher in who transitioned into national public leadership.",The son of a former leader who took charge of the Liberal Party and became Prime Minister of Canada in 2015.
Linus Torvalds,"A Finnish-born software developer whose college hobby project became the foundational operating system backbone for servers, supercomputers, and mobile devices worldwide.",The open-source pioneer who created the Linux kernel and designed the Git version control system.
Simu Liu,"A former corporate accountant who made a career pivot into acting after being laid off, starting in commercials and sitcoms.",The Canadian actor who starred in the sitcom Kim's Convenience before portraying Shang-Chi in the Marvel Cinematic Universe.
Emmanuel Macron,A former investment banker and civil servant who bypassed traditional political parties by forming his own centrist movement.,"He was elected President of France in 2017 at age 39, becoming the youngest head of state in modern French history."
Andy Serkis,A British actor widely regarded as a pioneer in digital body tracking technology and CGI-assisted character acting.,The actor who brought motion-capture characters to life including Gollum in The Lord of the Rings and Caesar in Planet of the Apes.
Kazuo Ishiguro,"A Japanese-born British writer known for quietly emotional prose exploring memory, self-deception, and loss of time.",The Nobel Prize-winning author behind acclaimed literary novels including The Remains of the Day and Never Let Me Go.
Snoop Dogg,"A smoothtalking rap icon from who evolved into an unlikely television host, youth football coach, and correspondent.",The West Coast G-funk rapper famous for his Dr. Dre collaborations and hits like 'Gin and Juice' and 'Drop It Like It's Hot'.
Daniel Kaluuya,A British actor and writer who got his start on UK television series like Skins and an early episode of Black Mirror.,"An Oscar-winning actor celebrated for his roles in Jordan Peele's Get Out and Nope, as well as Judas and the Black Messiah."
Seth MacFarlane,A multitalented animator and trained jazz singer who voices multiple core characters across his own animated television empire.,"The creator of Family Guy, American Dad!, and the live-action sci-fi series The Orville."
Eliud Kipchoge,A long-distance runner whose philosophy 'no human is limited' drove him to push the physical boundaries of distance racing.,The two-time Kenyan Olympic marathon champion who famously ran 26.2 miles in 1:59:40 during an unofficial trial in Vienna.
Oscar Isaac,An actor who played lead guitar and sang in a Miami ska-punk band called The Blinking Underdogs early in his career.,"He portrayed Resistance pilot Poe Dameron in Star Wars, Duke Leto Atreides in Dune, and the titular hero in Marvel's Moon Knight."
John Green,An author and online video creator who cofounded the channel and the educational video series.,"The bestselling young adult writer who wrote Looking for Alaska, Paper Towns, and The Fault in Our Stars."
Usher,A smoothdancing performer who achieved teen stardom in the 1990s and later helped discover.,The multi-Grammy-winning R&B superstar behind hit albums like Confessions and smash singles like 'Yeah!' and 'U Got It Bad'.
Hideo Kojima,"A cinematic video game auteur known for complex, fourthwallbreaking narratives and unusually lengthy story cutscenes.",The legendary Japanese game creator responsible for the Metal Gear franchise and the apocalyptic courier game Death Stranding.
Rami Malek,"An actor who wore custom prosthetic teeth to play a rock legend on screen, later having those teeth cast in solid gold as a keepsake.",He won the Best Actor Oscar for playing Queen frontman Freddie Mercury in Bohemian Rhapsody and starred in Mr. Robot.
Sacha Baron Cohen,A daring character comedian known for conducting unscripted interviews in heavy makeup with unsuspecting public figures.,"The satirical mastermind behind iconic comedic alter-egos Ali G, Bruno, and Kazakh journalist Borat Sagdiyev."
Shaquille O'Neal,A physically dominant center and pop culture personality who later earned an doctorate and tours as an electronic music.,"A four-time NBA champion center who starred for the Magic, Lakers, and Heat before becoming an analyst on Inside the NBA."
Alphonso Davies,A lightningfast soccer player born in a refugee camp in who immigrated to and broke into professional at age 15.,The Canadian star fullback who won the UEFA Champions League with Bayern Munich and led Canada back to the World Cup.
Yuval Noah Harari,"An university professor and meditator who synthesizes history, biology, and macroeconomics to examine humanity's past and future.",The public intellectual and author who wrote the international non-fiction bestsellers Sapiens: A Brief History of Humankind and Homo Deus.
Trevor Royle,A prominent print journalist and defense correspondent who authored numerous authoritative works on military conflict.,"A British military historian known for his books detailing the English Civil War, the Crimean War, and Scottish military history."
Donald Glover,"A multihyphenate creative who wrote for 30 in college, starred in and created the critically acclaimed series.","The actor and filmmaker who also performs under the musical stage name Childish Gambino, releasing the hit 'This Is America'."
Satya Nadella,An Indian-born technology leader who spent over two decades climbing the corporate ranks within a legacy software corporation.,The Chief Executive Officer of Microsoft who succeeded Steve Ballmer in 2014 and spearheaded its cloud and AI transformation.
Steven Spielberg,A director who was famously rejected from film school three times before changing cinema history forever.,"The Oscar-winning director behind iconic blockbusters like Jaws, E.T., Jurassic Park, and Schindler's List."
Patrick Mahomes,"A former draft pick who chose football instead, becoming famous for his acrobatic nolook passes and sidearm throws.",The star Kansas City Chiefs quarterback and multi-time Super Bowl MVP.
George Clooney,A suave actor and director who cofounded a tequila company that eventually sold for nearly a billion dollars.,He broke out on the TV series ER before starring in Ocean's Eleven and winning Oscars for both acting and producing.
David Attenborough,A celebrated naturalist and broadcaster with over twenty species named in his honor.,"The legendary voice and narrator behind iconic BBC natural history series like Planet Earth, The Blue Planet, and Life on Earth."
Shigeru Miyamoto,A visionary game designer whose childhood outdoor explorations near inspired classic video game adventure mechanics.,"The legendary Nintendo executive and designer who created Super Mario Bros., Donkey Kong, and The Legend of Zelda."
Kylian Mbappé,A explosive forward who became the second teenager after to score in.,"The French soccer prodigy and World Cup winner known for his terrifying pace, PSG stardom, and Real Madrid move."
Stephen Fry,A witty intellectual and performer who narrated all seven audiobooks for a famous wizarding series.,"The acclaimed English actor, author, and comedian who hosted the long-running BBC comedy panel show QI."
Conan O'Brien,A former writer for Saturday Night Live and The Simpsons who penned the classic 'Marge vs. the Monorail' episode.,"The towering, red-headed late-night host behind Late Night, The Tonight Show, and the podcast Conan O'Brien Needs a Friend."
John Williams,The second mostnominated individual in history behind only.,"The legendary film composer behind iconic scores for Star Wars, Jaws, Indiana Jones, Harry Potter, and Jurassic Park."
Dave Chappelle,A stand-up comedy titan who famously walked away from a multimilliondollar deal at the height of his fame.,The Mark Twain Prize winner and comedian behind the influential sketch comedy series Chappelle's Show.
Tite Kubo,A artist who heavily integrates urban street fashion aesthetics into his character character designs.,The manga artist and illustrator best known as the creator of the supernatural action manga Bleach.
John Cho,An actor who made history starring in the screen-life mystery thriller Searching.,He starred as Harold in the Harold & Kumar franchise and played Hikaru Sulu in the rebooted Star Trek film series.
Gabe Newell,A former developer who dropped out of and went on to revolutionize digital software distribution.,"The co-founder and president of Valve Corporation, creators of the Steam platform and the Half-Life series."
Rhaheem Hosseini,An award-winning print journalist recognized for investigative reporting on municipal affairs and community housing issues.,An Afghan-American reporter and editor known for local investigative journalism across Northern California publications.
David Tennant,A Scottish stage and screen actor who decided to pursue acting at age three after watching his favorite sci-fi series.,"He played the Tenth Doctor in Doctor Who, Kilgrave in Jessica Jones, and the demon Crowley in Good Omens."
Hugh Jackman,An Australian performer seamlessly balancing song-and-dance Tony-winning musical theater with comic book action stardom.,The actor famous for playing Wolverine in the X-Men franchise and starring in The Greatest Showman and Les Misérables.
Manny Pacquiao,A combat sports legend turned politician who achieved world titles across eight different weight classes.,The legendary Filipino boxer nicknamed 'PacMan' who served as a Senator of the Philippines.
Christopher Walken,A trained musical dancer turned Oscar-winning actor famous for his distinctive speech rhythm and dance moves in an iconic Fatboy Slim video.,"The eccentric actor who won an Oscar for The Deer Hunter and appeared in Pulp Fiction, Catch Me If You Can, and Dune: Part Two."
Giancarlo Esposito,"An actor who made his Broadway debut at age eight before becoming one of television's most iconic portrayers of cold, calculating villains.","He played drug kingpin Gus Fring in Breaking Bad and Better Call Saul, as well as Moff Gideon in The Mandalorian."
Lewis Capaldi,"A charttopping musician famous for his hilarious, selfdeprecating online persona and brutally honest social media presence.",The Grammy-nominated singer-songwriter behind powerful emotional hit singles like 'Someone You Loved' and 'Before You Go'.
Hiroyuki Sanada,A child actor turned martial arts legend who trained with Sonny Chiba's Japan Action Club before breaking into Hollywood action films.,"He starred in The Last Samurai, John Wick: Chapter 4, and won an Emmy for playing Lord Yoshii Toranaga in ShÅgun."
Brandon Sanderson,A remarkably fast writer who set a record for the most funded campaign in history by raising over $41 million for selfpublished secret novels.,"The epic fantasy author who created the Cosmere universe (Mistborn, The Stormlight Archive) and finished Robert Jordan's The Wheel of Time."
Sebastián Yatra,A pop balladeer who gained international prominence blending romantic lyrics with modern reggaeton beats.,He performed the Oscar-nominated Spanish song 'Dos Oruguitas' from Disney's animated film Encanto.
Ken Jennings,A software engineer turned trivia icon who made television history during a uninterrupted multimonth winning streak in 2004.,The all-time Jeopardy! champion who won 74 consecutive games before eventually becoming the official host of the show.
Kumail Nanjiani,An author and actor who co-wrote the hit romantic comedy The Big Sick based on how he met his real-life wife Emily V. Gordon.,"He starred in HBO's Silicon Valley, wrote The Big Sick, and got super buff to play Kingo in Marvel's Eternals."
Max Verstappen,A racing driver who debuted in at just 17 years old before even holding a valid road driving license.,The dominant Dutch Red Bull Racing driver who won multiple F1 World Drivers' Championships and set a record for consecutive Grand Prix wins.
Gaurav Kapur,A former radio jockey who built a prominent broadcast career hosting live prematch sports commentary and athlete interviews.,A popular Indian sports presenter best known for hosting Extraaa Innings T20 during the Indian Premier League and the web show Breakfast with Champions.
Jon Batiste,A musical prodigy who spent seven years directing the house band for a major latenight talk show.,The multi-Grammy winner who won Album of the Year for We Are and an Academy Award for co-composing the score to Pixar's Soul.
Gareth Southgate,A former international defender who famously suffered a highprofile '96 penalty shootout heartbreak before taking up management.,The England national soccer team manager who guided the Three Lions to the 2018 World Cup semi-finals and back-to-back Euro finals.
Siddharth Roy Kapur,"A corporate executive turned media mogul who headed major studio divisions before launching his own production banner,.","A top Indian film producer behind critical and commercial Hindi blockers like Dangal, Chenna Express, and Barfi!."
Ronan Farrow,A child prodigy who entered college at age 11 and worked in international diplomacy before pivoting to investigative journalism.,The Pulitzer Prize-winning journalist for The New Yorker who exposed allegations against Harvey Weinstein and wrote Catch and Kill.
Park Chan-wook,A philosophy student turned film critic and director renowned for immaculate visual staging and intense psychological thrillers.,"The acclaimed director behind the Vengeance Trilogy (including Oldboy), The Handmaiden, and Decision to Leave."
Manny Machado,A highly touted firstround draft choice from who established himself as one of the premier hotcorner defenders of his era.,A multi-time All-Star third baseman and Gold Glove winner who played for the Orioles and Dodgers before signing with the San Diego Padres.
Neil deGrasse Tyson,An astrophysicist and former competitive ballroom dancer who became one of most recognizable public science advocates.,"The director of the Hayden Planetarium, host of the StarTalk podcast, and presenter of Cosmos: A Spacetime Odyssey."
Gabe Kaplan,A 1970s stand-up comedian and sitcom lead who pivoted to competing in highstakes card tournaments around the world.,"He played the title role of high school teacher Gabe Kotter in Welcome Back, Kotter and co-hosted High Stakes Poker."
Hasan Minhaj,A stand-up comedian who rose to prominence as a senior correspondent on The and hosted the 2017.,The Indian-American comic who created and hosted the Emmy-winning Netflix political satire show Patriot Act with Hasan Minhaj.
Yannick Nézet-Séguin,A dynamic maestro known for his expressive podium style and prominent leadership across classical institutions.,The Grammy-winning Music Director of both The Philadelphia Orchestra and the Metropolitan Opera in New York.
Dave Bayley,A former medical student in who abandoned medicine to form a charttopping psychedelic indie pop band.,"The lead vocalist, songwriter, and producer of Glass Animals who wrote the record-breaking global hit 'Heat Waves'."
Manny Jacinto,A civil engineering graduate from who made a complete career pivot into acting.,He played Jason Mendoza in The Good Place and the villainous Stranger in the Star Wars series The Acolyte.
Burna Boy,A global music megastar who became the first artist to sell out stadium shows in both the and.,The Grammy-winning Nigerian Afrobeats artist behind global hit tracks like 'Last Last' and the album African Giant.
Son Heung-min,The first player to claim the as top goalscorer in the top flight.,The South Korean star forward who serves as club captain for English Premier League side Tottenham Hotspur.
Ta-Nehisi Coates,A national journalist and author who has written major comic book runs for 's.,The National Book Award-winning author of Between the World and Me and a former correspondent for The Atlantic.
Luka Dončić,A prodigy who won the title at age 19 before making a seamless transition to sports stardom.,"The Slovenian NBA superstar guard famous for his elite court vision, triple-doubles, and signature step-back jumper."
Sebastian Maniscalco,A stand-up comic who worked for years as a hotel waiter while sharpening his physical arenaselling comedy routine.,"An Italian-American comedian famous for his high-energy, expressive stand-up specials and roles in The Irishman and About My Father."
Nigo,A Japanese fashion pioneer and hip-hop DJ whose signature camo designs and ape logos transformed global street culture.,The founder of the iconic Japanese streetwear brand A Bathing Ape (BAPE) and Artistic Director of Kenzo.
Jon Favreau,An actor and filmmaker who broke out writing and starring in Swingers before directing major holiday and superhero classics.,"He directed Elf and 2008's Iron Man, launched the MCU, and created the Star Wars series The Mandalorian."
Ted Chiang,A highly selective speculative fiction author who has collected four and four despite publishing under twenty short stories.,The award-winning sci-fi writer whose 1998 novella Story of Your Life was adapted into Denis Villeneuve's film Arrival.
Troye Sivan,An creator who built a massive following and played young before conquering international pop charts.,"The Australian pop star behind hit albums like Blue Neighbourhood and Something to Give Each Other, featuring the smash single 'Rush'."
Gunnar Henderson,A highly decorated young infielder who claimed of the honors by a unanimous vote in 2023.,"The All-Star, power-hitting shortstop for the Baltimore Orioles."
Desus Nice,A former financial magazine writer from who parlayed viral commentary and podcasting into latenight hosting.,The Bronx-born comedian who starred alongside The Kid Mero as one half of Desus & Mero on Viceland and Showtime.
JR,An anonymous street artist who displays massive monochrome portraits in public spaces and on landmark architecture worldwide.,"The French photographer and public artist known for huge paste-up installations, including art at the Louvre and the US-Mexico border wall."
Ncuti Gatwa,A Scottish-Rwandan actor who delivered a breakout television performance in a hit high school comedy series before stepping into British sci-fi history.,He played Eric Effiong in Sex Education and became the Fifteenth Doctor in Doctor Who.
Hozier,An singersongwriter who recorded the vocals for his breakout debut smash single in his parents' attic.,The musician behind the multi-platinum anthem 'Take Me to Church' and the hit single 'Too Sweet'.
Rory Scovel,An inventive stand-up comedian and actor known for unscripted crowd interaction and offthecuff experimental sets.,The stand-up comic who starred in the Netflix special Rory Scovel Tries Stand-Up for the First Time and the Apple TV+ series Physical.
Jack Antonoff,A musician and songwriter who won three consecutive for of.,"The frontman of Bleachers, guitarist for fun., and key producer for Taylor Swift, Lorde, and Lana Del Rey."
İlkay Gündoğan,A midfielder renowned for precise tactical play and clutch goalscoring in championshipdefining matches.,The German international midfielder who captained Manchester City to their historic treble in 2023 before playing for Barcelona.
Viet Thanh Nguyen,A university professor and author whose debut novel exploring double identity won the Pulitzer Prize for Fiction.,The Vietnamese-American writer behind the acclaimed novel The Sympathizer and its sequel The Committed.
Clement Ducasse,A culinary professional who trained in kitchens before championing modern sustainable dining principles.,A contemporary French chef and restaurateur known for combining classic techniques with farm-to-table culinary concepts across Europe.
Hasan Piker,A former broadcast producer whose election night and news commentary streams attracted hundreds of thousands of concurrent viewers.,The popular Turkish-American left-wing political commentator and content creator known online as HasanAbi on Twitch.
Hamza Haq,A Pakistani-Canadian actor who earned critical acclaim and multiple national acting honors for leading a hit medical drama.,He played Syrian refugee and talented doctor Bashir 'Bash' Hamed on the medical drama series Transplant.
Steven Yeun,An actor who began his career doing comedy and improv before landing a breakthrough role escaping walkers in post-apocalyptic Atlanta.,"The first Asian-American Best Actor Oscar nominee for Minari, who also starred in The Walking Dead, Nope, and Beef."
Stormzy,A London-born hip-hop artist who created a university scholarship program for Black UK students attending Cambridge.,The British grime superstar who topped charts with Gang Signs & Prayer and headlined the Glastonbury Festival in 2019.
Lando Norris,"A motorsport driver who built a massive streaming presence and launched his own gaming brand,.","The Formula 1 driver who races for McLaren, earning his maiden Grand Prix victory in Miami."
Ocean Vuong,A Vietnamese-born writer who earned a MacArthur 'Genius' Grant at age 30 for his poetry and prose.,The acclaimed author of the poetry collection Night Sky with Exit Wounds and the novel On Earth We're Briefly Gorgeous.
Paul Mescal,A former football player in who stepped away from sports to pursue stage and screen acting.,"The Irish actor who broke out in Normal People, earned an Oscar nomination for Aftersun, and played Lucius in Gladiator II."
Jensen Huang,A technology executive known for his signature black leather jacket who cofounded his company inside a diner in 1993.,"The Taiwanese-American co-founder and CEO of Nvidia, the semiconductor giant driving the modern AI hardware revolution."
Daveed Diggs,An artist who famously holds the record for the fastest rap performance in Broadway history for his rapid-fire delivery in Hamilton.,The Tony and Grammy-winning actor who originated the dual roles of Marquis de Lafayette and Thomas Jefferson in Hamilton.
Cesar Azpilicueta,A versatile Spanish defender affectionately nicknamed 'Dave' by English fans due to his difficult-to-pronounce surname.,"The long-time Chelsea FC captain who led the club to victory in the UEFA Champions League, Europa League, and Premier League."
Marlon James,A university professor whose vivid historical fiction draws from folklore and political history.,"The Booker Prize-winning author of A Brief History of Seven Killings (centered on the Bob Marley shooting) and Black Leopard, Red Wolf."
Victor Wembanyama,A athletic wonder with an 8foot wingspan capable of blocking shots and shooting threepointers with ease.,The 7-foot-4 San Antonio Spurs center nicknamed 'Wemby' who won the 2024 NBA Rookie of the Year.
Edgar Wright,A filmmaker celebrated for cutting action sequences and comedic transitions to match the precise tempo of his soundtracks.,"The director behind the Three Flavours Cornetto trilogy (Shaun of the Dead, Hot Fuzz, The World's End), Scott Pilgrim, and Baby Driver."
Joe Duplantier,"A musician whose heavy metal compositions frequently focus on environmental conservation, marine life, and global climate issues.",The lead vocalist and rhythm guitarist for the Grammy-nominated French metal band Gojira.
Bowen Yang,A comedian and writer who cohosts the pop-culture podcast alongside.,The Emmy-nominated Saturday Night Live cast member famous for playing characters like the Iceberg That Sank the Titanic.
Finneas O'Connell,A musician and former actor on who produced recordbreaking pop albums out of a home bedroom studio.,The multi-Grammy and Oscar-winning songwriter and producer who collaborates closely with his sister Billie Eilish.
Siddharth Anand,An director who started in romantic comedies before pivoting to helm some of highestbudget action spectacles.,"The filmmaker behind massive Hindi box-office hits including War, Pathaan, and Fighter."
Keir Starmer,A human rights lawyer knighted for his service as of in.,The leader of the Labour Party who became Prime Minister of the United Kingdom in July 2024.
S. S. Rajamouli,A visionary filmmaker whose largerthanlife period epics generated massive worldwide crossover success.,The director behind the Baahubali franchise and the global phenomenon RRR.
Mo Amer,"A stand-up comic who fled during the relocating to,, where he honed his comedy.",The Palestinian-American comedian who created and starred in the award-winning Netflix comedy series Mo and appeared in Ramy.
Daniel Ricciardo,"An driver known for his charismatic smile, aggressive overtakes, and celebrating podium wins by drinking champagne from his shoe.","The eight-time Formula 1 Grand Prix winner nicknamed the 'Honey Badger' who raced for Red Bull, Renault, and McLaren."
Paddy Considine,A British actor and filmmaker who played indie drama roles and drummed in a rock band before taking the crown in a fantasy prequel.,He delivered a critically acclaimed performance as King Viserys I Targaryen in HBO's House of the Dragon.
Arón Piper,A Spanish-German actor born in Berlin who expanded into releasing urban trap and hip-hop music alongside his acting career.,He achieved global fame playing Ander Muñoz in the hit Netflix Spanish teen drama series Élite.
Steve Carell,A former mail carrier who joined an improv troupe before breaking out on television and film.,"He played Michael Scott in The Office, starred in The 40-Year-Old Virgin, and earned an Oscar nomination for Foxcatcher."
Will Smith,A Grammy-winning Philadelphia hip-hop artist known as The Fresh Prince before becoming a top-grossing movie star.,"The actor who starred in The Fresh Prince of Bel-Air, Men in Black, and Independence Day, winning an Oscar for King Richard."
Jason Kelce,An center who famously wore a costume and gave an iconic speech during the championship parade.,The long-time Philadelphia Eagles center who co-hosts the hugely popular New Heights podcast with his brother Travis.
Jimmy Fallon,A comedian who joined at age 23 after impressing producers with an impression.,The former SNL Weekend Update co-anchor who took over as host of NBC's The Tonight Show.
Michael B. Jordan,An actor who earned early acclaim playing Wallace on The Wire before transitioning into a major leading man and director.,He played Adonis Creed in the Creed series and villian Erik Killmonger in Marvel's Black Panther.
Harrison Ford,A carpenter in who was recruited to read lines for auditioning actors before being cast as a galactic smuggler.,"The actor famous for portraying Han Solo in Star Wars, Indiana Jones, and Rick Deckard in Blade Runner."
Post Malone,A heavily facetattooed musician who famously failed a metalcore band audition due to a broken guitar string before dominating pop charts.,"The chart-topping artist behind hit singles like 'Rockstar', 'Sunflower', and 'Circles'."
Adam Sandler,A 1990s cast member who built his film empire while routinely casting his closest reallife friends.,"The comedy star behind Billy Madison, Happy Gilmore, and The Waterboy, who also earned acclaim in Uncut Gems."
Travis Kelce,"A star tight end who briefly starred in his own 2016 reality television dating show,.",The multi-time Super Bowl champion tight end for the Kansas City Chiefs who co-hosts the New Heights podcast.
Bruno Mars,A performer who gained local fame at age four as a young impersonator.,"The Grammy-winning retro-pop and R&B star behind hits like 'Just the Way You Are', 'Uptown Funk', and Silk Sonic."
Matthew McConaughey,"A charismatic Texan actor who improvised the phrase 'Alright, alright, alright' in his film debut Dazed and Confused.","The Oscar winner for Dallas Buyers Club who also starred in Interstellar, True Detective, and How to Lose a Guy in 10 Days."
Jack Black,A highenergy comedic actor born to satellite engineers who forms half of the comedic rock duo.,"He starred in School of Rock, voiced Po in Kung Fu Panda, and played Bowser in The Super Mario Bros. Movie."
Chris Pratt,An actor who was discovered waiting tables at a Bubba Gump Shrimp restaurant in Hawaii before breaking into television comedy.,He played Andy Dwyer in Parks and Recreation before starring as Star-Lord in Guardians of the Galaxy and Owen Grady in Jurassic World.
Aaron Rodgers,A four-time NFL Most Valuable Player who served as a guest host on Jeopardy! in 2021.,The Super Bowl-winning quarterback who spent most of his career leading the Green Bay Packers before moving to the New York Jets.
Mark Wahlberg,A Boston native who gained fame in the 1990s as the frontman of hip-hop group Marky Mark and the Funky Bunch.,"The actor and producer behind Boogie Nights, The Departed, Ted, and the Transformers series."
Justin Timberlake,A child performer on 's The who rose to stardom as the lead singer.,"The solo pop star behind hit songs like 'Cry Me a River' and 'SexyBack', who also starred in The Social Network."
Terry Crews,"A former defensive player and artist who transitioned into physical comedy, commercials, and hosting.","He played Terry Jeffords on Brooklyn Nine-Nine, Julius on Everybody Hates Chris, and hosted America's Got Talent."
Stephen Curry,The first unanimous in history who holds the alltime record for threepointers made.,The four-time NBA champion point guard who leads the Golden State Warriors.
Paul Rudd,A comedy actor famous for running a 20year prank on involving a clip from the movie.,"The actor known for Clueless, Anchorman, I Love You, Man, and playing Scott Lang in Marvel's Ant-Man."
Jimmy Kimmel,A television personality who cohosted The and before entering latenight television.,The longtime host of ABC's Jimmy Kimmel Live! who has hosted the Academy Awards multiple times.
John Cena,A professional wrestler who granted over 650 wishes for the setting an alltime record.,"The 16-time WWE world champion who starred in Trainwreck, F9, and played Peacemaker in DC projects."
David Letterman,A broadcaster who started his career as a quirky latenight weekend weather anchor in before revolutionizing latenight.,"The legendary late-night talk show host known for his Top Ten Lists, gap-toothed grin, and decades hosting NBC's Late Night and CBS's The Late Show."
Michael Strahan,A halloffame defensive player who set the singleseason record with 22.5 quarterback sacks in 2001.,The Super Bowl-winning New York Giant who transitioned into a television host on Good Morning America and FOX NFL Sunday.
Jack Nicholson,"A cinematic icon who holds the all-time record for the most Academy Award nominations for a male actor, with 12 total nods.","The three-time Oscar winner famous for his roles in One Flew Over the Cuckoo's Nest, The Shining, Batman, and As Good as It Gets."
Tim Allen,"A stand-up comic who achieved the rare feat in 1996 of simultaneously having the #1 film, #1 show, and #1 bestselling book.","He starred as Tim 'The Tool Man' Taylor on Home Improvement, played Scott Calvin in The Santa Clause, and voiced Buzz Lightyear in Toy Story."
John Stamos,A TV actor and musician who regularly performs live on stage as an honorary drummer and singer with The Beach Boys.,"The actor famous for playing the cool, hair-obsessed Uncle Jesse Katsopolis on the sitcom Full House."
Dr. Phil McGraw,A Texas psychologist and legal consultant who gained nationwide notoriety through recurring advice segments on The Oprah Winfrey Show.,"The blunt, mustache-wearing television host who anchored his own syndicated daytime advice program, Dr. Phil, for 21 seasons."
Howie Mandel,A comedian who created and voiced the main character in the hit 1990s animated series.,The game show host of Deal or No Deal and long-tenured judge on America's Got Talent.
Will Ferrell,A 1990s star who cofounded the influential digital comedy platform or in 2007.,"The comedic actor who starred in blockbuster comedies like Anchorman, Elf, Talladega Nights, and Step Brothers."
Drew Brees,A quarterback who overcame a major shoulder injury early in his career to become one of the most accurate passers in football history.,The Super Bowl XLIV MVP quarterback who spent 15 seasons setting passing records with the New Orleans Saints.
Charles Barkley,An undersized power forward who won the 1993 NBA MVP and led the league in rebounding in 1987.,The outspoken basketball legend who became an Emmy-winning analyst on TNT's Inside the NBA.
Seth Rogen,A multihyphenate creator who started performing stand-up comedy at age 12 and co-wrote the script for Superbad when he was just a teenager.,"The comedic actor and writer famous for his distinct chuckle and roles in Knocked Up, Superbad, and Pineapple Express."
Peyton Manning,The only quarterback in history to win as the starting signalcaller for two different franchises.,The five-time NFL MVP quarterback famous for calling out 'Omaha!' at the line of scrimmage for the Colts and Broncos.
Jeff Foxworthy,"A stand-up comedian who created the highestselling comedy album in history,.",A member of the Blue Collar Comedy Tour who hosted the hit game show Are You Smarter Than a 5th Grader?.
Jamie Foxx,A former stand-up comic and cast member who became a rare crossover talent with an for acting and a #1 hit.,"He won an Academy Award for starring in Ray, featured on Kanye West's 'Gold Digger', and starred in Django Unchained."
Al Roker,A meteorologist who set a in 2014 by hosting a 34hour continuous live weather broadcast.,The long-time weather anchor and feature reporter on NBC's Today show.
Samuel L. Jackson,"An actor whose collective career box office receipts surpass $27 billion globally, making him the highest-grossing film actor of all time.","He played Jules Winnfield in Pulp Fiction, Mace Windu in Star Wars, and Nick Fury in the Marvel Cinematic Universe."
Jon Bon Jovi,A rock frontman who founded the a pay-what-you-can nonprofit community restaurant.,"The lead singer and namesake of the rock band Bon Jovi, known for stadium anthems like 'Livin' on a Prayer' and 'It's My Life'."
Rob Lowe,A 1980s teen idol and member who successfully pivoted into critically acclaimed television roles in his adult career.,He played Sam Seaborn on The West Wing and the hyper-enthusiastic Chris Traeger on Parks and Recreation.
Magic Johnson,A 6a notable project point guard who won an title and honors as a 20yearold rookie before becoming a successful business executive.,The five-time NBA champion who orchestrated the 'Showtime' Los Angeles Lakers in the 1980s.
Sylvester Stallone,A struggling actor who penned an award-winning screenplay for a major film in just three and a half days after watching a championship boxing match.,The Hollywood action icon who created and starred in both the Rocky and Rambo movie franchises.
Blake Shelton,An Oklahoma country musician who served for 23 consecutive seasons as a red-chair coach on NBC's The Voice.,The country music star behind hits like 'Austin' and 'God's Country' who was a mainstay coach on The Voice.
Andy Samberg,A comedian who helped popularize viral digital videos on TV alongside his comedy group The Lonely Island.,The former SNL cast member famous for 'Lazy Sunday' and for playing detective Jake Peralta on Brooklyn Nine-Nine.
Bob Costas,A 28-time Emmy-winning sports anchor who served as the prime-time host for 12 Olympic Games broadcasts on NBC from 1992 to 2016.,"The veteran American sports commentator known for hosting Olympic coverage, MLB broadcasts, and NBC sports telecasts."
Jerry Seinfeld,A stand-up comedian who hosted an online interview series centered on vintage cars and coffee.,"The co-creator and star of Seinfeld, one of the most successful and influential sitcoms in television history."
Vince Vaughn,"A tall, fasttalking comedic actor who broke out alongside in the 1996 indie classic.","The comedy star of 2000s blockbusters like Wedding Crashers, Dodgeball, and The Break-Up."
Tom Hanks,A beloved actor who achieved backtoback wins for in 1993 and 1994.,"He starred in Forrest Gump, Cast Away, and Saving Private Ryan, and voiced Woody in the Toy Story franchise."
Brad Pitt,A leading man who also cofounded producing winners like 12.,"The Oscar-winning actor famous for roles in Fight Club, Seven, Ocean's Eleven, and Once Upon a Time in Hollywood."
Morgan Freeman,A former radar repairman who went on to become one of cinema's most revered actors and narrators.,"The Oscar winner for Million Dollar Baby famous for his roles in The Shawshank Redemption, Driving Miss Daisy, and Seven."
Steve Martin,A legendary stand-up comic who is also a Grammy-winning virtuoso bluegrass banjo player.,"The star of classic comedies like The Jerk, Planes, Trains and Automobiles, and Hulu's Only Murders in the Building."
Jeff Goldblum,"An actor with a distinct, halting speech cadence who performs live as a jazz pianist with The Mildred Snitzer Orchestra.","He played scientist Seth Brundle in The Fly, chaos mathematician Ian Malcolm in Jurassic Park, and David Levinson in Independence Day."
Woody Harrelson,An actor who first gained widespread fame playing the naive bartender Woody Boyd on Cheers.,"The three-time Oscar nominee who starred in Natural Born Killers, Zombieland, The Hunger Games, and True Detective."
Bill Murray,"An actor who famously operates without an agent or manager, relying on an 800-number voicemail line for movie pitches.","The SNL veteran who starred in Caddyshack, Ghostbusters, Groundhog Day, and earned an Oscar nomination for Lost in Translation."
Terry Bradshaw,The first active NFL player to receive a star on the Hollywood Walk of Fame.,The four-time Super Bowl-winning quarterback of the 1970s Pittsburgh Steelers and long-time co-host on Fox NFL Sunday.
Jon Hamm,An actor who taught high school drama in Missouri before moving to Los Angeles to pursue acting full-time.,He won an Emmy for his iconic portrayal of 1960s advertising executive Don Draper on AMC's Mad Men.
Al Pacino,"A legendary screen and stage actor who earned the triple crown of acting, winning major film, television, and theater honors.","He starred as Michael Corleone in The Godfather, Tony Montana in Scarface, and won an Oscar for Scent of a Woman."
David Hasselhoff,A television icon and pop singer who earned a as the mostwatched man on television.,He starred as Michael Knight in Knight Rider and led the lifeguard team as Mitch Buchannon on Baywatch.
Ludacris,An Atlanta radio DJ known as 'DJ Chris Lova Lova' before launching a multi-platinum hip-hop career.,The Grammy-winning rapper who played tech wizard Tej Parker across the Fast & Furious film franchise.
Kevin Hart,A former shoe salesman from who built a massive global stand-up comedy and production empire.,"The stand-up comic and actor who starred in Ride Along, Central Intelligence, and the Jumanji sequels."
Ryan Seacrest,A media personality and producer who executive produced with the through his production company.,The longtime host of American Idol and On Air with Ryan Seacrest who stepped into the hosting role on Wheel of Fortune.
Clint Eastwood,"A legend who served as the mayor of, during the 1980s.","The Oscar-winning actor and director famous for Sergio Leone's Dollars Trilogy, Dirty Harry, and Unforgiven."
Ice Cube,A rap icon who studied architectural drafting in college before forming.,"The primary lyricist for N.W.A who launched a solo hip-hop career and created, wrote, and starred in the Friday film franchise."
Ken Jeong,A licensed physician who practiced internal medicine before breaking out in stand-up and film comedy.,"He played Leslie Chow in The Hangover trilogy, Ben Chang on Community, and serves as a panelist on The Masked Singer."
Seth Meyers,A writer and comedian who served nine seasons as the head writer.,The former Weekend Update anchor on SNL who currently hosts NBC's Late Night with Seth Meyers.
Mario Lopez,"An actor, television host, and martial arts enthusiast with a purple belt in Brazilian Jiu-Jitsu.",He played A.C. Slater on the 1990s teen sitcom Saved by the Bell before becoming a prolific entertainment news host.
Jeff Bridges,An Oscar-winning actor and set photographer who comes from a prominent Hollywood acting family.,He played Jeffrey 'The Dude' Lebowski in The Big Lebowski and won an Academy Award for Crazy Heart.
George Lopez,A Mexican-American stand-up comic whose observational comedy led to a long-running broadcast network sitcom.,The comedian who starred in his self-titled ABC sitcom George Lopez and hosted the late-night talk show Lopez Tonight.
Dennis Quaid,An actor and licensed multi-engine pilot who frequently flies his own aircraft to locations.,"He starred in The Right Stuff, played Nick Parker in The Parent Trap, and appeared in The Day After Tomorrow."
Michael Keaton,An actor born Michael Douglas who adopted a stage name to avoid confusion with the existing Screen Actors Guild member.,"He starred in Tim Burton's Beetlejuice and Batman, and earned an Oscar nomination for Birdman."
Kurt Russell,A former minor league baseball player who turned to fulltime acting and became a frequent collaborator of director.,"He starred as Snake Plissken in Escape from New York, MacReady in The Thing, and Jack Burton in Big Trouble in Little China."
Larry the Cable Guy,A comedian who developed a wildly popular redneck persona and sleeveless vest look for stand-up comedy.,A member of the Blue Collar Comedy Tour famous for his catchphrase 'Git-R-Done!' and voicing Tow Mater in Pixar's Cars.
LL Cool J,An early Def Jam hip-hop pioneer whose stage name stands for 'Ladies Love Cool James'.,The Grammy-winning rapper behind 'Mama Said Knock You Out' who played Special Agent Sam Hanna on NCIS: Los Angeles.
Bill Nye,A mechanical engineer and patent holder who started his entertainment career as a sketch comedy performer.,The bow-tie wearing host of the Emmy-winning 1990s educational TV show Bill Nye the Science Guy.
Martin Short,A Tony-winning comedic performer who gained popularity on SCTV and Saturday Night Live creating characters like Ed Grimley.,"The comedy star of Three Amigos!, Father of the Bride, and Hulu's Only Murders in the Building."
Henry Winkler,"An actor who became a pop-culture icon playing a cool, leather-jacketed greaser despite being terrified of riding motorcycles in real life.",He played Arthur 'Fonzie' Fonzarelli on Happy Days and won an Emmy for his role as Gene Cousineau in Barry.
Matthew Broderick,A two-time Tony Award-winning Broadway actor who voiced adult Simba in Disney's animated classic The Lion King.,The actor best known for playing the charm-infused high school slacker in John Hughes's Ferris Bueller's Day Off.
Bob Barker,An iconic television host and animal advocate who ended every broadcast reminding viewers to spay and neuter their pets.,"The long-time host of CBS's The Price Is Right from 1972 to 2007, famous for telling contestants to 'Come on down!'."
Matthew Perry,A topranked junior tennis player in who later became one of primetime television's highestpaid sitcom stars.,"The actor who brought sarcastic, quick-witted Chandler Bing to life on Friends."
David Schwimmer,A stage actor and director who cofounded 's before moving into television.,He played paleontology-obsessed Ross Geller on Friends and voiced Melman the Giraffe in Madagascar.
Matt LeBlanc,A former commercial actor and motorcycling enthusiast who later cohosted the motoring show.,The charming actor known worldwide for playing struggling soap actor Joey Tribbiani on Friends.
Rainn Wilson,A comedic character actor who cofounded the digital media company behind.,He played beet-farming Assistant to the Regional Manager Dwight Schrute on The Office.
John Krasinski,"A former sitcom actor who pivoted to writing and directing, helming the hit horror franchise A.",He played paper salesman Jim Halpert on The Office before starring as the title hero in Amazon's Jack Ryan.
Ed Helms,A former correspondent and reallife bluegrass banjo player who formed The band.,He played Andy Bernard on The Office and missing-tooth dentist Stu Price in The Hangover trilogy.
Zach Galifianakis,An avantgarde stand-up comedian who created and hosted the awkward publicaccess style interview show.,The bearded comedic actor who broke out as Alan Garner in The Hangover.
Bradley Cooper,A multitime nominee who spent years training to conduct a live orchestra for his film.,"He starred in The Hangover, Silver Linings Playbook, directed A Star Is Born, and voices Rocket Raccoon in Marvel films."
Owen Wilson,A frequent collaborator of director Wes Anderson who earned an Oscar nomination for co-writing The Royal Tenenbaums.,"The soft-spoken actor known for saying 'wow', starring in Wedding Crashers, and voicing Lightning McQueen in Cars."
Ben Stiller,The son of legendary comedy couple and who grew up to become a major comedy actor and director.,"He starred in and directed Zoolander and Tropic Thunder, while leading blockbusters like Meet the Parents and Night at the Museum."
Jason Sudeikis,A former junior college basketball player who worked as an improv comic before joining as a writer.,The Emmy-winning co-creator and star of Apple TV+'s hit sports comedy series Ted Lasso.
Bill Hader,A former film production assistant who joined and became famous for impressionist character work.,"The creator of SNL's Stefon who created, directed, and starred in HBO's acclaimed dark comedy Barry."
Fred Armisen,A multiinstrumentalist who drummed for 80s punk group before embarking on a comedic acting career.,The versatile SNL alumnus who co-created Portlandia and led the house band on Late Night with Seth Meyers.
Jason Bateman,A former 1980s child star who became the of youngest director ever at age 18.,He played level-headed son Michael Bluth on Arrested Development and financial counselor Marty Byrde on Ozark.
Will Arnett,A gravelly-voiced star who voiced Batman in The Lego Movie franchise and voiced the troubled title character in Netflix's BoJack Horseman.,He played Segway-riding magician Gob Bluth on Arrested Development and voiced the title character on BoJack Horseman.
David Cross,A stand-up creator who co-created and co-starred in the influential 1990s HBO sketch comedy series Mr. Show with Bob and David.,The distinctively quirky comedian and actor famous for playing disgraced psychiatrist and analyst Tobias Fünke on Arrested Development.
Bob Odenkirk,An Emmy-winning comedy writer who co-created Mr. Show and created Chris Farley's famous 'Matt Foley' character.,He played strip-mall lawyer Jimmy McGill / Saul Goodman in Breaking Bad and its prequel Better Call Saul.
Bryan Cranston,A veteran actor who played recurring television comedy roles before transitioning into one of the most celebrated dramatic performances in history.,He played goofy father Hal on Malcolm in the Middle and chemistry teacher turned meth kingpin Walter White on Breaking Bad.
Aaron Paul,An actor who once appeared as an overly enthusiastic contestant on The Price Is Right in 1999.,The three-time Emmy winner best known for playing high-schooler turned partner Jesse Pinkman on Breaking Bad.
Jon Bernthal,An actor who trained in Russia at the Moscow Art Theatre School while playing semi-professional baseball.,He played Shane Walsh on The Walking Dead and antihero Frank Castle in Marvel's The Punisher.
Norman Reedus,"A painter, sculptor, and fashion model who achieved cult status in 1990s indie cinema before starring in television dramas.",He played Murphy MacManus in The Boondock Saints and crossbow-wielding survivor Daryl Dixon on The Walking Dead.
Jeffrey Dean Morgan,A television actor who coowns a local sweet shop in upstate alongside fellow actor.,"He played Denny Duquette on Grey's Anatomy, John Winchester on Supernatural, and the barbed-wire-bat wielder Negan on The Walking Dead."
Andrew Lincoln,An English actor who adopted a flawless Southern American drawl for nearly a decade on American cable television.,He held up cue cards in Love Actually and led the group of apocalypse survivors as Rick Grimes on The Walking Dead.
Charlie Hunnam,A British actor discovered inside a shoe shop as a teenager who went on to star in major action films and TV dramas.,He starred as motorcycle club vice president and leader Jax Teller on Sons of Anarchy.
Ron Perlman,A character actor with a deep voice who earned a of degree before playing iconic prostheticheavy roles.,He played motorcycle club president Clay Morrow on Sons of Anarchy and brought red comic-book hero Hellboy to life.
Jonah Hill,"A comedic actor who accepted the minimum scale payment of $60,000 to work.",He broke out in Superbad before earning Academy Award nominations for Moneyball and The Wolf of Wall Street.
Channing Tatum,A former stripper and model who drew on his early reallife experiences in to produce a hit movie franchise.,"The smooth-dancing star of Step Up, 21 Jump Street, and Magic Mike."
Vince Gilligan,A television writer and producer who wrote nearly thirty episodes of The early in his career.,"The mastermind creator, writer, and producer behind Breaking Bad and Better Call Saul."
David Harbour,An actor who went viral after taking a penguin photoshoot in Antarctica following a social media fan bet.,He plays Police Chief Jim Hopper on Stranger Things and Red Guardian in Marvel's Black Widow.
Finn Wolfhard,A Canadian actor who filmed his breakout television audition tape while sick in bed.,He plays Mike Wheeler on Stranger Things and starred as Richie Tozier in the It horror reboot.
Gaten Matarazzo,A stage and screen actor who began his career as in the revival.,"He plays the cap-wearing, science-loving Dustin Henderson on Stranger Things."
Caleb McLaughlin,A child performer who played in The before finding fame.,He plays slingshot-wielding Lucas Sinclair on Stranger Things.
Joe Keery,"An actor and indie musician who scored a viral global music hit under his solo moniker, Djo.",He is famous for portraying hair-obsessed fan-favorite Steve Harrington on Stranger Things.
Charlie Heaton,A British actor who toured internationally as a drummer for the UK noise-rock band Comanechi before acting.,He plays protective older brother and photography enthusiast Jonathan Byers on Stranger Things.
Noah Schnapp,A young actor who provided voice work for animated films.,"He plays Will Byers, whose disappearance into the Upside Down kicks off Stranger Things."
Joseph Quinn,A British actor who practiced electric guitar for months to play Metallica's 'Master of Puppets' live on camera for a TV finale.,He became a fan favorite as metalhead Hellfire Club leader Eddie Munson on Stranger Things.
Matthew Modine,A veteran actor who starred as in classic 1987 war film.,He plays the sinister government scientist 'Papa' Dr. Martin Brenner on Stranger Things.
Cary Elwes,A British actor who penned a bestselling memoir titled As You Wish detailing the making of his iconic 1987 fantasy film.,"He played Westley in The Princess Bride, Robin Hood in Robin Hood: Men in Tights, and Dr. Lawrence Gordon in Saw."
Milo Ventimiglia,"An actor whose signature deadpan, crooked smile is the result of deadened nerves on the left side of his lower lip present since birth.","He played bad-boy Jess Mariano on Gilmore Girls, Peter Petrelli on Heroes, and Jack Pearson on This Is Us."
Sterling K. Brown,A and drama graduate who earned an nomination.,He won Emmys for portraying Christopher Darden in The People v. O.J. Simpson and Randall Pearson on This Is Us.
Justin Hartley,An actor who played the billionaire superhero Oliver Queen (Green Arrow) on the CW series Smallville prior to his mainstream network breakout.,He played actor Kevin Pearson on This Is Us before starring as Colter Shaw in Tracker.
Ron Cephas Jones,A stage actor who made history alongside his daughter as the first fatherdaughter duo to win in the same year.,He won two Emmys playing biological father William Hill on This Is Us.
Ty Burrell,A longtime theater actor who spent over a decade on stage before breaking through on network television in his 40s.,"The two-time Emmy winner who played goofy, magic-loving real estate agent Phil Dunphy on Modern Family."
Jesse Tyler Ferguson,A performer who won in 2022 for the revival.,He played uptight lawyer Mitchell Pritchett for 11 seasons on Modern Family.
Eric Stonestreet,A comedic actor who created a clown alter-ego named 'Fizbo' when he was nine years old in Kansas.,He won two Emmys for playing Cameron Tucker on Modern Family.
Ed O'Neill,A TV actor and Brazilian Jiu-Jitsu black belt who spent over 20 years practicing the martial art.,He starred as shoe salesman Al Bundy on Married... with Children and family patriarch Jay Pritchett on Modern Family.
Nolan Gould,A reallife member with a tested of 150 who graduated high school at age thirteen.,He played dim-witted youngest son Luke Dunphy for 11 seasons on Modern Family.
Rico Rodriguez,A child actor and author who published a book titled at age fourteen.,"He played the precocious, espresso-drinking Manny Delgado on Modern Family."
Nathan Fillion,A Canadian-American actor who planned to teach high school drama before getting cast on a New York soap opera.,"He played Captain Malcolm Reynolds on Firefly, crime author Richard Castle on Castle, and John Nolan on The Rookie."
Ted Danson,A veteran television actor with 18 nominations who won twice for playing a bartender.,"He played Sam Malone on Cheers, lead roles on Becker and CSI, and afterlife architect Michael on The Good Place."
Kelsey Grammer,An actor who played the exact same radio psychiatrist across three different television series spanning two decades.,The five-time Emmy winner famous for playing Frasier Crane and voicing Sideshow Bob on The Simpsons.
David Hyde Pierce,A Tony-winning stage and screen actor who won four Emmys for playing a fussily neurotic TV psychiatrist.,"He played Niles Crane, brother to Kelsey Grammer's title character, on the long-running sitcom Frasier."
Ray Romano,A nasal-voiced stand-up comedian who became television's highest-paid actor in 2004 during his sitcom's run.,He starred as sports writer Ray Barone on Everybody Loves Raymond and voiced Manny the woolly mammoth in Ice Age.
Brad Garrett,"A 6a notable project stand-up comedian who was the firstever $100,000 grand prize winner in comedy.",The deep-voiced actor who won three Emmys playing policeman Robert Barone on Everybody Loves Raymond.
Kevin James,A physical comedic actor and former high school wrestler who was teammates with pro wrestler.,He played delivery driver Doug Heffernan on The King of Queens and starred as the titular hero in Paul Blart: Mall Cop.
Jerry Stiller,A comedy veteran who performed for decades in the and duo with his wife before a major 1990s career resurgence.,He played short-tempered father Frank Costanza on Seinfeld and basement-dwelling Arthur Spooner on The King of Queens.
Jason Alexander,A Broadway song-and-dance performer who won a Tony Award for Best Actor in a Musical before starring on television.,"He is forever famous for playing the neurotic, insecure George Costanza on Seinfeld."
Michael Richards,A physical slapstick comedian who won three for his iconic supporting role.,He was famous for sliding aggressively through apartment doors as eccentric neighbor Cosmo Kramer on Seinfeld.
Wayne Knight,An actor cast in Jurassic Park after Steven Spielberg was impressed by his interrogation scene in Basic Instinct.,He played scheming postal worker Newman on Seinfeld and computer saboteur Dennis Nedry in Jurassic Park.
Jeff Daniels,A versatile actor and playwright who founded the in his home state.,He co-starred as Harry Dunne in Dumb and Dumber and won Emmys for his dramatic lead role as Will McAvoy in The Newsroom.
Jim Carrey,A wild physical comedian who famously wrote himself a check for $10 million for 'services rendered' years before hitting superstar status.,"He starred in 1994 mega-hits Ace Ventura, The Mask, and Dumb and Dumber, before leading dramatic roles like The Truman Show."
Mike Myers,A Canadian-born comedian who created enduring characters for Saturday Night Live before creating multi-film comedy franchises.,"He played Wayne Campbell in Wayne's World, British spy Austin Powers, and voiced the title ogre in Shrek."
Dana Carvey,An Emmy-winning impressionist and sketch comic who created Church Lady and George H.W. Bush parodies on SNL.,He played drum-playing rocker Garth Algar alongside Mike Myers in the Wayne's World movies.
Rob Schneider,An SNL cast member who broke out with his 'Richmanner / Making Copies' office character.,"He starred in Happy Madison comedy films like Deuce Bigalow: Male Gigolo, The Animal, and The Hot Chick."
David Spade,A sarcastic stand-up comic and alum who earned and nods as.,"He formed a famous comedy duo with Chris Farley in Tommy Boy and Black Sheep, and starred in Joe Dirt."
Chris Rock,A stand-up comedy legend discovered by in the 1980s who went on to win multiple.,"He created the sitcom Everybody Hates Chris, released legendary comedy specials like Bring the Pain, and hosted the Academy Awards."
Martin Lawrence,A former boxer who turned to stand-up comedy and hosted in the early 1990s.,"He starred in his self-titled 90s sitcom Martin, played Marcus Burnett in Bad Boys, and starred in Big Momma's House."
Chris Tucker,"A highenergy, fasttalking comedian who became the highestpaid actor in in 2006.",He played Smokey in Friday and Detective James Carter opposite Jackie Chan in the Rush Hour trilogy.
Cedric the Entertainer,A former insurance claims adjuster turned stand-up comedian who gained fame as one of The Original Kings of Comedy.,"He played Eddie in Barbershop, voiced Maurice in Madagascar, and stars as Dave Johnson's neighbor Calvin Butler on The Neighborhood."
Steve Harvey,A former homeless stand-up performer who rose through comedy clubs to become a ubiquitous host and author.,"The mustache-wearing entertainer who hosts Family Feud, The Steve Harvey Morning Show, and wrote Act Like a Lady, Think Like a Man."
Bernie Mac,A fearless stand-up comedian whose breakout performance in The of led to his own network show.,He starred as Uncle Bernie on The Bernie Mac Show and played Frank Catton in the Ocean's Eleven trilogy.
D.L. Hughley,The original host of BET's ComicView who toured as one of The Original Kings of Comedy.,He created and starred in the ABC sitcom The Hughleys and hosts a nationally syndicated radio program.
Marlon Wayans,A comedic actor and screenwriter who cowrote and starred in a recordbreaking boxoffice comedy hit.,"He starred on In Living Color, The Wayans Bros., played Marcus Copeland in White Chicks, and appeared in Requiem for a Dream."
Shawn Wayans,A member of the Wayans entertainment family who debuted as DJ 'SW-1' on In Living Color.,"He co-wrote and starred alongside his brother Marlon in The Wayans Bros., Scary Movie, and White Chicks."
Damon Wayans,A stand-up comedian and actor who created iconic characters like and on a 90s sketch series.,He starred as family patriarch Michael Kyle on My Wife and Kids and played Roger Murtaugh on TV's Lethal Weapon.
Keenen Ivory Wayans,"A trailblazing comedian and filmmaker who created, wrote, and hosted a groundbreaking Emmy-winning sketch comedy show.",The director who launched his family dynasty with In Living Color and went on to direct Scary Movie and White Chicks.
Alfonso Ribeiro,A former child star of The who danced alongside in a commercial.,He played Tom Jones-loving cousin Carlton Banks on The Fresh Prince of Bel-Air and took over hosting America's Funniest Home Videos.
Jaleel White,An actor cast for a one-time sitcom guest appearance who became an instant pop culture icon and series regular.,"He played suspender-wearing, high-pitched neighbor Steve Urkel on Family Matters and voiced Sonic the Hedgehog in 90s cartoons."
Dustin Hoffman,A legendary actor who broke out in The and won two.,"He won Oscars for Kramer vs. Kramer and Rain Man, while starring in classics like Midnight Cowboy and Tootsie."
Robert De Niro,A cinema icon who cofounded the in 2002 to help revitalize lower.,"He won Oscars for playing young Vito Corleone in The Godfather Part II and Jake LaMotta in Raging Bull, and starred in Taxi Driver."
Joe Pesci,A former barber and lounge musician who became an Oscar-winning character actor with a fiery screen presence.,"He won an Oscar for Goodfellas and played memorable roles in Casino, My Cousin Vinny, and Home Alone."
Ray Liotta,An actor known for his intense blue eyes who voiced Tommy Vercetti in Grand Theft Auto: Vice City.,He played Shoeless Joe Jackson in Field of Dreams and mobster Henry Hill in Martin Scorsese's Goodfellas.
James Gandolfini,A three-time Emmy-winning character actor who redefined modern prestige television drama in the late 1990s.,He earned critical acclaim playing New Jersey mob boss Tony Soprano on HBO's The Sopranos.
Michael Imperioli,An actor and screenwriter who wrote several episodes of the hit television crime drama he co-starred in.,He won an Emmy playing Christopher Moltisanti on The Sopranos and starred in Season 2 of The White Lotus.
Tony Sirico,An actor with silver-winged hair who agreed to join a landmark TV mob drama on the strict condition that his character never snitched.,"He played fan-favorite, germaphobic mobster Paulie 'Walnuts' Gualtieri on The Sopranos."
Steven Van Zandt,A and of guitarist who unexpectedly made his professional acting debut without prior experience.,He is the bandana-wearing guitarist in Bruce Springsteen's E Street Band who played Silvio Dante on The Sopranos.
Bruce Springsteen,A 20-time Grammy winner and Oscar recipient known for marathon stadium concerts with his E Street Band.,"The New Jersey rock legend nicknamed 'The Boss' who sang 'Born to Run', 'Thunder Road', and 'Born in the U.S.A.'."
Billy Joel,A singersongwriter who completed a historic 10year monthly arena residency.,"The 'Piano Man' singer whose hit songs include 'Uptown Girl', 'We Didn't Start the Fire', and 'Just the Way You Are'."
Elton John,A flamboyantly dressed pianoplaying superstar who earned status and holds the record for the bestselling physical single of all time.,"The British rock icon behind 'Rocket Man', 'Tiny Dancer', 'Candle in the Wind', and the soundtrack for Disney's The Lion King."
Rod Stewart,"A raspyvoiced singer and modelrailway enthusiast who spent decades building a massive 1,500squarefoot model train layout.","The spiky-haired rock star behind chart-topping hits like 'Maggie May', 'Da Ya Think I'm Sexy?', and 'Forever Young'."
Mick Jagger,A former of student who dropped out to become one of rock music's most charismatic frontmen.,"The energetic, strutting lead singer who has fronted The Rolling Stones alongside Keith Richards for over 60 years."
Keith Richards,A guitar player known for using fivestring openG tuning whose rockandroll lifestyle inspired.,The legendary co-songwriter and lead riff-maker for The Rolling Stones.
Steven Tyler,"A rock frontman dubbed the 'Demon of Screamin' due to his wide vocal range, microphone scarves, and stage acrobatics.","The lead singer of Aerosmith who sang 'Dream On', 'Sweet Emotion', and served as a judge on American Idol."
Joe Perry,A guitar hero who cofounded the supergroup alongside.,The lead guitarist of Aerosmith who formed one half of the 'Toxic Twins' with Steven Tyler.
Gene Simmons,A former elementary school teacher and entrepreneur who performed on stage in heavy blackandwhite face paint.,"The tongue-wagging, fire-breathing bassist known as 'The Demon' in the rock group KISS."
Paul Stanley,A rhythm guitarist and painter who once starred in a stage production of The of.,The frontman known as 'The Starchild' who sang 'Rock and Roll All Nite' and 'I Was Made for Lovin' You' with KISS.
Alice Cooper,A performer dubbed the 'Godfather of Shock Rock' who is also a scratch golfer playing up to 36 holes a day.,"The theatrical rocker famous for stage props like guillotines and snakes, and anthem hit 'School's Out'."
Ozzy Osbourne,A heavy metal vocalist whose family reality series became the mostwatched show in network history.,"The 'Prince of Darkness' who fronted Black Sabbath, sang 'Crazy Train', and starred on MTV's The Osbournes."
Rob Zombie,A former production assistant on who pivoted to heavy metal and horror filmmaking.,The frontman of White Zombie who directed horror films like House of 1000 Corpses and the 2007 Halloween remake.
Tommy Lee,A heavily tattooed rock musician who famously performed drum solos while spinning inside a 360-degree roller coaster rig.,The wild founding drummer for 80s glam metal band Mötley Crüe.
Vince Neil,A blonde hard rock vocalist who later appeared on reality television shows including The Celebrity Apprentice.,"The lead singer of Mötley Crüe who sang 'Girls, Girls, Girls', 'Dr. Feelgood', and 'Kickstart My Heart'."
Nikki Sixx,A rock bassist and author who detailed his near-fatal overdose experience in the bestselling book The Heroin Diaries.,The primary songwriter and bass player for heavy metal band Mötley Crüe.
Slash,A British-American musician whose signature top hat was originally stolen from a shop in Los Angeles.,The iconic Gibson Les Paul-playing lead guitarist for Guns N' Roses who created the main riff for 'Sweet Child O' Mine'.
Axl Rose,A high-octane rock vocalist who briefly filled in as lead singer for on their 2016 world tour.,"The bandana-wearing frontman of Guns N' Roses who sang 'Welcome to the Jungle', 'Paradise City', and 'November Rain'."
Duff McKagan,A hard rock bass player who studied finance in his 30s and wrote financial advice columns for major news outlets.,The long-time bassist for Guns N' Roses who also co-founded the supergroup Velvet Revolver.
Sammy Hagar,A rock singer and entrepreneur nicknamed 'The Red Rocker' who created and sold the lucrative Cabo Wabo tequila brand.,The solo artist who sang 'I Can't Drive 55' before replacing David Lee Roth as lead singer of Van Halen.
David Lee Roth,A flamboyant rock showman nicknamed 'Diamond Dave' who secretly trained and worked as an EMT in New York City.,"The original acrobatic lead singer of Van Halen who sang hits like 'Jump', 'Panama', and 'California Girls'."
Bret Michaels,A bandana-wearing hair metal vocalist who won Season 3 of The Celebrity Apprentice.,The lead singer of Poison who starred on VH1's dating show Rock of Love and sang 'Every Rose Has Its Thorn'.
Sebastian Bach,A Canadian-American metal singer who successfully transitioned to starring in Broadway musicals like Jekyll & Hyde.,The former lead singer of 80s hair metal band Skid Row who also had a recurring role on Gilmore Girls.
Meat Loaf,A theatrical operatic rock singer whose smash album of became one of the bestselling records in history.,He sang 'I'd Do Anything for Love (But I Won't Do That)' and played Eddie in The Rocky Horror Picture Show.
Huey Lewis,A harmonicaplaying poprock frontman who recorded the -nominated hit song for the 1985 movie to.,The leader of Huey Lewis and the News behind 1980s hit tracks like 'The Power of Love' and 'Hip to Be Square'.
Kenny Loggins,A soft-rock singer and songwriter dubbed the 'King of the Movie Soundtrack' due to his massive 1980s film contributions.,"The hitmaker who sang 'Danger Zone' for Top Gun, 'Footloose', and 'I'm Alright' for Caddyshack."
Michael McDonald,A soulinfluenced keyboardist and backing singer for who went on to define the 1970s blueeyed soul sound.,The baritone-voiced singer known for his work with The Doobie Brothers ('What a Fool Believes') and solo hit 'I Keep Forgettin''.
Phil Collins,A musician who is one of only three artists to sell over 100 million albums both as a solo artist and as a principal band member.,The drummer and lead vocalist of Genesis famous for his solo hit 'In the Air Tonight' and Oscar-winning Tarzan soundtrack.
Peter Gabriel,A progressive rock pioneer and world music advocate who cofounded the global festival.,The original lead singer of Genesis who achieved solo success with 'Sledgehammer' and 'In Your Eyes'.
Steve Perry,"An arena rock singer nicknamed 'The Voice' by Jon Bon Jovi for his distinctively smooth, multi-octave vocal range.","The longtime lead singer for Journey who sang timeless hits like 'Don't Stop Believin'', 'Open Arms', and 'Faithfully'."
Rick Springfield,An performer who starred as on at the exact same time he topped the pop music charts.,The pop-rock musician and soap actor best known for his 1981 Grammy-winning #1 hit 'Jessie's Girl'.
Bryan Adams,A rock musician who also built an acclaimed secondary career as a published fashion and celebrity photographer.,The singer behind nostalgia rock classic 'Summer of '69' and movie power ballad '(Everything I Do) I Do It for You'.
Corey Hart,A pop musician who famously declined offer to audition for the lead role in to.,The 1980s pop singer best known for his hit debut single 'Sunglasses at Night'.
Rick Astley,An pop singer whose 1987 debut single accidentally inspired one of the most famous baitandswitch internet pranks in history.,"The deep-voiced singer behind 'Never Gonna Give You Up', the song central to 'Rickrolling'."
Boy George,An androgynous icon who later composed the stage musical.,The flamboyantly dressed frontman of Culture Club known for hits like 'Karma Chameleon' and 'Do You Really Want to Hurt Me'.
Billy Idol,"A sneering, blonde-spiked punk rocker who made a memorable cameo on an airplane in Adam Sandler's The Wedding Singer.","The British rocker behind MTV-era hits like 'White Wedding', 'Rebel Yell', and 'Dancing with Myself'."
Adam Ant,A postpunk frontman voted 's in 1982 who sported highwayman makeup and dandy pirate attire.,"The British New Wave singer known for hits like 'Goody Two Shoes', 'Stand and Deliver', and 'Prince Charming'."
Simon Le Bon,A singer and avid ocean racer who survived a terrifying yacht capsize in 1985.,"The lead singer of Duran Duran who sang 'Rio', 'Hungry Like the Wolf', and 'Girls on Film'."
John Taylor,A bass guitarist who cofounded the 1990s hard rock supergroup alongside.,The stylish bass player and co-founder of Duran Duran who became a major 1980s teen idol.
Gary Numan,An electronic music pioneer and licensed aerobatic pilot who used to perform in air displays with vintage aircraft.,The synth-pop artist whose robotic vocals on the 1979 hit 'Cars' helped popularize electronic music worldwide.
Thomas Dolby,A synth musician who transitioned into tech entrepreneurship and became a university professor.,The mad-scientist musician famous for his 1982 synth-pop hit 'She Blinded Me with Science'.
Howard Jones,A synthpop musician who performed solo on piano at during the iconic 1985 concert.,The 1980s synth artist behind uplifting hit singles like 'Things Can Only Get Better' and 'What Is Love?'.
Midge Ure,A Scottish musician and producer who co-wrote and produced the record-breaking charity single 'Do They Know It's Christmas?'.,The lead singer of Ultravox who co-organized Band Aid and Live Aid alongside Bob Geldof.
Bob Geldof,An rock vocalist who was awarded an honorary knighthood for his global humanitarian fundraising efforts.,The lead singer of The Boomtown Rats who organized the historic 1985 Live Aid charity concerts.
Roland Orzabal,A twotime songwriter who cofounded a major synthpop duo inspired.,The primary songwriter and lead co-vocalist of Tears for Fears who wrote 'Shout' and 'Everybody Wants to Rule the World'.
Curt Smith,A British-American musician who made multiple recurring comedic guest appearances as himself on the TV series Psych.,The co-lead vocalist and bassist for Tears for Fears who sang lead on 'Mad World' and 'Everybody Wants to Rule the World'.
Martin Fry,A British New Wave singer famous for performing on stage in a gleaming gold lamé suit.,The suave lead singer of the pop group ABC who sang 'The Look of Love' and 'Poison Arrow'.
Tony Hadley,A powerful vocalist who won the reality singing competition in the in 2003.,The lead singer of New Romantic group Spandau Ballet who sang the 1983 ballad 'True'.
Jim Kerr,A rock vocalist who coowns a luxury boutique hotel.,The lead singer of Simple Minds who sang 'Don't You (Forget About Me)' from The Breakfast Club soundtrack.
Richard Butler,A raspyvoiced postpunk musician who is also an accomplished fine art painter with gallery exhibits across.,The lead singer of The Psychedelic Furs who sang 'Pretty in Pink' and 'Love My Way'.
Ian McCulloch,A postpunk frontman and diehard supporter known for wearing long trench coats.,The lead singer of Echo & the Bunnymen who sang post-punk classics like 'The Killing Moon' and 'Lips Like Sugar'.
Robert Smith,A music icon who publicly fought corporate ticketing platforms to keep ticket prices fair and feefree for fans.,"The wild-haired, eyeliner-wearing frontman of The Cure who sang 'Friday I'm in Love', 'Boys Don't Cry', and 'Lovesong'."
Morrissey,A vocal advocate for animal rights who mandates strict meatfree venue policies for all of his concert dates.,"The dramatic, gladiolus-waving former frontman of The Smiths known for his witty, melancholic lyrics and solo work."
Johnny Marr,An influential guitarist who later joined bands like and The in the 2000s.,The jangle-pop guitar virtuoso who co-founded The Smiths alongside Morrissey.
Bernard Sumner,A musician who formed the supergroup in 1989 alongside.,A founding member and guitarist of Joy Division who became the lead singer and guitarist for New Order.
Neil Tennant,A former music journalist and assistant editor for magazine who transitioned into a recording career.,The dryly spoken lead vocalist for British electronic synth-pop duo Pet Shop Boys ('West End Girls').
Dave Gahan,A baritonevoiced musician inducted into the and of in 2020.,The energetic lead frontman of synth-rock giants Depeche Mode who sang 'Enjoy the Silence' and 'Personal Jesus'.
Martin Gore,A multiinstrumentalist who has served as the chief songwriter for his electronic group since 1981.,"The primary songwriter, guitarist, and keyboardist behind Depeche Mode who penned 'Personal Jesus' and 'Enjoy the Silence'."
Andy Bell,A singer who earned his big music break by responding to a classified advertisement in magazine in 1985.,The flamboyantly talented lead vocalist of synth-pop duo Erasure behind 'A Little Respect' and 'Always'.
Vince Clarke,A synthpop pioneer who was a founding member and key songwriter for three major electronic groups across the 1980s.,The keyboardist and songwriter who wrote early hits for Depeche Mode before founding Yazoo (Yaz) and Erasure.
Marc Almond,An singer appointed an in 2018 for his contributions to the arts and culture.,The lead singer of synth-pop duo Soft Cell who sang their iconic 1981 hit cover of 'Tainted Love'.
Freddie Mercury,A fouroctave vocalist who personally designed his band's official crest logo using the zodiac signs of its members.,The legendary Queen frontman who commanded the stage at Live Aid and sang 'Bohemian Rhapsody' and 'We Are the Champions'.
Brian May,A British musician with a PhD in astrophysics who hand-built his signature 'Red Special' electric guitar with his father.,The legendary Queen lead guitarist who wrote arena anthems like 'We Will Rock You'.
Tiger Woods,A golfing prodigy who won four consecutive major championships between 2000 and 2001.,The 15-time major golf champion known for wearing his signature Sunday red polo.
Kobe Bryant,An elite shooting guard who won an in 2018.,"The 'Black Mamba' who played 20 seasons for the Los Angeles Lakers, wearing numbers 8 and 24."
Alexis Ohanian,A technology executive and venture capitalist who cofounded a massive web linksharing community in 2005.,The tech entrepreneur who co-founded Reddit and is married to tennis legend Serena Williams.
Derek Jeter,"A Hall of Fame baseball player who accumulated 3,465 career hits and founded The Players' Tribune.",The longtime shortstop and captain of the New York Yankees who wore number 2 and won five World Series rings.
Wayne Gretzky,A sports icon whose career assists alone exceed any other player's total combined points in league history.,The hockey superstar revered as 'The Great One' who wore number 99 for the Edmonton Oilers and Los Angeles Kings.
Michael Phelps,An American athlete who holds the all-time record for the most Olympic gold medals won in history.,The swimming legend who won a record eight gold medals at the 2008 Beijing Olympics.
Deion Sanders,The only athlete in sports history to play in both a and.,The dual-sport star cornerback and outfielder nicknamed 'Prime Time' who became the head football coach at Colorado.
Bo Jackson,A Heisman Trophy winner who became an All-Star in both the MLB and the NFL.,The powerhouse running back and outfielder famously featured in Nike's 'Bo Knows' campaign.
Allen Iverson,An elite dualsport high school star who won state titles in both football and basketball before entering.,The crossover-master guard for the Philadelphia 76ers nicknamed 'The Answer' who won the 2001 NBA MVP.
Roger Federer,A tennis star who held the world 1 ranking for a record 237 consecutive weeks.,"The elegant Swiss tennis icon who won 20 Grand Slam singles titles, including eight Wimbledon championships."
Rafael Nadal,A tennis star who won 14 singles titles at a single tournament.,The fierce topspin-heavy lefty dubbed the 'King of Clay' for his historic dominance at Roland Garros.
Floyd Mayweather Jr.,A defensive boxing strategist who retired from professional competition with a unblemished 500 record.,The pay-per-view boxing star nicknamed 'Money' who won world titles across five different weight classes.
Mike Tyson,A knockout artist who became the youngest heavyweight boxing champion in history at age 20.,The ferocious puncher known as 'Iron Mike' who featured a prominent facial tattoo and starred in The Hangover.
Evander Holyfield,The only boxer in history to reign as the undisputed champion in both the cruiserweight and heavyweight divisions.,The relentless heavyweight boxing champion nicknamed 'The Real Deal' who was involved in the infamous 1997 'Bite Fight'.
Oscar De La Hoya,An boxer who won an gold medal at the 1922 after making a promise to his mother.,The 'Golden Boy' of boxing who won world titles in six weight classes before founding Golden Boy Promotions.
Tony Hawk,A vertical ramp skateboarder who landed the first documented 900degree aerial spin at the 1999.,The skateboarding icon whose name adorns the hit Pro Skater video game franchise.
Shaun White,A dualseason action sports competitor who holds the record for most halfpipe snowboarding gold medals.,The three-time Olympic gold medalist halfpipe snowboarder nicknamed 'The Flying Tomato'.
Travis Pastrana,A freestyle motocross competitor who landed the world's first competitive double backflip on a dirt bike in 2006.,The action sports stunt pioneer who founded the Nitro Circus franchise.
Dale Earnhardt Jr.,A stock car driver voted for 15 consecutive years from 2003 to 2017.,The two-time Daytona 500 winner and broadcaster who drove the No. 88 car and followed in his legendary father's footsteps.
Jeff Gordon,A four-time Cup Series champion driver who helped bring NASCAR into mainstream American pop culture in the 1990s.,The driver of the iconic rainbow-warrior No. 24 Chevrolet who won 93 Cup Series races.
Jimmie Johnson,A stock car driver who won five consecutive championships from 2006 to 2010.,The record-tying seven-time NASCAR Cup Series champion who piloted the Lowe's No. 48 car.
Alex Rodriguez,A three-time American League MVP who hit 696 career home runs during his major league career.,The slugger nicknamed 'A-Rod' who won the 2009 World Series with the New York Yankees and became a television broadcaster.
Barry Bonds,A left fielder who won a record seven awards.,The San Francisco Giants slugger who holds the MLB records for most home runs in a single season (73) and most career home runs (762).
Ken Griffey Jr.,A of center fielder who made history by playing on the same team as his father.,"The Seattle Mariners legend nicknamed 'The Kid' famous for his backward hat, sweet swing, and 630 home runs."
David Ortiz,A clutch designated hitter who recorded 17 career walkoff home runs in the major leagues.,The Boston Red Sox legend nicknamed 'Big Papi' who helped lead the franchise to three World Series titles.
Sammy Sosa,A slugger who became the first player in major league history to hit 60 or more home runs in three different seasons.,The Chicago Cubs right fielder who sprinted to his position with a chest-thump salute and chased 62 home runs in 1998.
Mark McGwire,A power-hitting first baseman who set a rookie home run record in 1987 as one half of the 'Bash Brothers'.,The St. Louis Cardinals slugger nicknamed 'Big Mac' who hit 70 home runs in 1998 to break Roger Maris's single-season record.
Randy Johnson,"A 6a notable project of pitcher who achieved 4,875 career strikeouts and later became a professional nature and concert photographer.","The intimidating, mullet-wearing left-handed pitcher nicknamed 'The Big Unit' who won a World Series with the Arizona Diamondbacks."
Pedro Martinez,A of pitcher who posted a staggering 1.74 in 2000 during the height of an offenseheavy era.,The three-time Cy Young Award winner who dominated on the mound for the Boston Red Sox and helped them win the 2004 World Series.
Greg Maddux,The first pitcher in major league history to win four consecutive relying on pinpoint control over velocity.,The Atlanta Braves rotation legend nicknamed 'The Professor' who won 355 games and 18 Gold Glove Awards.
John Elway,A Hall of Fame quarterback famous for orchestrating 'The Drive' and retiring immediately after winning back-to-back championships.,The iconic Denver Broncos quarterback who wore number 7 and led his team to Super Bowl XXXII and XXXIII victories.
Joe Montana,"A calm, collected quarterback who won four without throwing a single interception across all four title games.",The San Francisco 49ers legend nicknamed 'Joe Cool' who threw the winning touchdown pass in 'The Catch'.
Jerry Rice,"An legend famous for his legendary offseason hill workouts who holds the alltime records for receptions, yards, and touchdowns.",The Hall of Fame wide receiver who wore number 80 for the San Francisco 49ers and won three Super Bowl rings.
Dan Marino,"A quarterback famed for his quick release who set singleseason records with 5,084 passing yards and 48 touchdowns in 1984.",The Hall of Fame Miami Dolphins signal-caller who wore number 13 and starred in Ace Ventura: Pet Detective.
Troy Aikman,The 1 overall pick in the 1989 who led his franchise to three victories in four years.,The Hall of Fame Dallas Cowboys quarterback who wore number 8 and became a lead Monday Night Football television analyst.
Emmitt Smith,A highly durable Hall of Fame running back who won Season 3 of Dancing with the Stars.,"The Dallas Cowboys legend who surpassed Walter Payton to become the NFL's all-time leading rusher with 18,355 yards."
Ray Lewis,A twotime of the who led his franchise's historic 2000 defense to a championship victory.,The intense Baltimore Ravens middle linebacker famous for his pre-game 'Squirrel Dance' and wearing number 52.
Randy Moss,A of receiver who set the singleseason record with 23 touchdown catches in 2007.,The explosive deep-threat wide receiver for the Minnesota Vikings and New England Patriots whose aerial catches coined the verb 'Mossed'.
Rob Gronkowski,A four-time Super Bowl champion tight end who became as famous for his playful party persona off the field as his play on it.,The larger-than-life New England Patriots tight end nicknamed 'Gronk' who celebrated touchdowns with his signature ball spike.
JJ Watt,"A defensive star who raised over $37 million for natural disaster relief in, winning the of.",The dominant Houston Texans defensive end who won three NFL Defensive Player of the Year awards.
Dennis Rodman,A of defensive forward and rebounding force who led the in rebounds per game for seven straight years.,"The colorful NBA star nicknamed 'The Worm' known for his dyed hair, tattoos, and championships with the Pistons and Bulls."
Scottie Pippen,A versatile of small forward who won two gold medals and revolutionized the pointforward position.,The premier perimeter defender who won six NBA championships alongside Michael Jordan on the 1990s Chicago Bulls.
Patrick Ewing,A legend selected as the first overall pick in the inaugural 1985 lottery.,The Hall of Fame center who wore number 33 and served as the franchise cornerstone for the New York Knicks for 15 seasons.
Reggie Miller,A clutch threepoint shooter who famously scored eight points in nine seconds to stun the in a 1995 playoff game.,The Hall of Fame Indiana Pacers shooting guard who wore number 31 and became a long-time NBA color commentator.
Karl Malone,"A twotime who scored 36,928 career points, ranking among the top scoring leaders in league history.",The Hall of Fame Utah Jazz power forward nicknamed 'The Mailman' who ran the pick-and-roll with John Stockton.
John Stockton,"A point guard who holds the alltime records for both career assists (15,806) and career steals (3,265).",The short-shorts-wearing Hall of Fame point guard who played 19 seasons for the Utah Jazz wearing number 12.
Tim Duncan,A former competitive teenage swimmer from the who transitioned to basketball and won two.,The quiet San Antonio Spurs legend nicknamed 'The Big Fundamental' who won five NBA championships under Gregg Popovich.
Kevin Garnett,An intensely vocal power forward who was drafted directly out of high school into the in 1995.,The Hall of Famer nicknamed 'The Big Ticket' who won the 2004 NBA MVP with Minnesota and a 2008 title with Boston.
Dirk Nowitzki,"The highestscoring player in history, accumulating over 31,000 points across 21 seasons with a single franchise.",The 7-foot German power forward famous for his unguardable one-legged fadeaway jumper that led the Dallas Mavericks to the 2011 NBA championship.
Vince Carter,A high-flying wing player who holds the record for playing across four different calendar decades.,The Toronto Raptors and New Jersey Nets star nicknamed 'Vinsanity' who put on a iconic performance at the 2000 NBA Slam Dunk Contest.
Larry Bird,A three-time NBA MVP who famously asked competitors who was finishing in second place before winning the 1986 Three-Point Contest.,The legendary Boston Celtics forward nicknamed 'The Hick from French Lick' who wore number 33 and won three NBA championships.
Kareem Abdul-Jabbar,"A sixtime who mastered an unblockable signature shot and scored 38,387 career points.",The goggles-wearing center for the Bucks and Lakers famous for his unstoppable 'Skyhook'.
Hakeem Olajuwon,A Nigerian-born Hall of Fame center whose dazzling footwork move was dubbed the 'Dream Shake'.,The Houston Rockets legend who led the team to back-to-back NBA championships in 1994 and 1995 while wearing number 34.
David Robinson,A of center who served two years of active duty as a civil engineering officer in the before his rookie season.,"The San Antonio Spurs legend nicknamed 'The Admiral' who won two NBA titles, an MVP award, and scored 71 points in a single game."
Dwyane Wade,An explosive shooting guard who earned honors in 2006 after bringing his franchise back from a 02 series deficit.,The Miami Heat icon nicknamed 'Flash' who wore number 3 and won three NBA championships alongside Shaquille O'Neal and LeBron James.
Chris Paul,An elite point guard who served as of the from 2013 to 2021.,"The veteran floor general nicknamed 'CP3' famed for his mid-range jumper, leadership, and State Farm commercial spots."
Carmelo Anthony,A prolific scoring forward who led the to an as a freshman before winning three gold medals.,The NBA scoring champion known for his signature 3-point head tap who starred for the Denver Nuggets and New York Knicks.
James Harden,An offensive superstar who went from winning the of the in 2012 to winning regular season in 2018.,"The left-handed guard famous for his thick facial beard, foul-drawing prowess, and isolation step-back three-pointers."
Russell Westbrook,An athletic point guard who became the first player since to average a tripledouble across an entire season.,"The 2017 NBA MVP who played for the Oklahoma City Thunder, known for wearing number 0 and his high-octane intensity."
Kyrie Irving,A point guard famed for elite ballhandling who hit the gamewinning threepointer in 7 of the 2016.,The crafty guard who created the 'Uncle Drew' alter-ego and won an NBA title alongside LeBron James in Cleveland.
Kawhi Leonard,A stoic perimeter defender and forward who won honors with two separate franchises.,The two-time NBA champion nicknamed 'The Klaw' who famously led the Toronto Raptors to their first title in 2019.
Damian Lillard,A long-range shooting NBA guard who releases hip-hop albums under the rap persona 'Dame D.O.L.L.A.',The longtime Portland Trail Blazers star famous for pointing to his wrist to celebrate clutch shots during 'Dame Time'.
Anthony Davis,"A versatile big man who won an national title at an gold medal, and an title by age 27.",The elite power forward/center nicknamed 'AD' who won the 2020 NBA championship with the Los Angeles Lakers.
Calvin Johnson,"A physical freak at wide receiver who set the singleseason receiving yards record with 1,964 yards in 2012.","The 6'5"" Hall of Fame Detroit Lions wide receiver nicknamed 'Megatron'."
Terrell Owens,A of wide receiver who famously played on a freshly fractured leg with torn ankle ligaments.,The outspoken wide receiver known as 'T.O.' famous for pulling a Sharpie from his sock to sign a touchdown football.
Chad Johnson,A colorful wide receiver who legally altered his surname in 2008 to match his jersey number 85.,"The Cincinnati Bengals star receiver formerly known as 'Ocho Cinco' famed for elaborate, hilarious touchdown celebrations."
Adrian Peterson,"A dominant running back who rushed for 2,097 yards in 2012, just eight yards shy of the singleseason record, after recovering from a torn.",The powerful Minnesota Vikings tailback nicknamed 'All Day' (A.P.) who won the 2012 NFL MVP award.
Marshawn Lynch,A bruising running back whose legendary 67yard playoff touchdown run triggered seismic activity registered on local sensors.,The Seattle Seahawks power back nicknamed 'Beast Mode' famous for munching Skittles on the sidelines and 'I'm just here so I don't get fined'.
Aaron Donald,A generational defensive lineman who won three of the awards.,The interior defensive tackle who wore number 99 for the Los Angeles Rams and sealed Super Bowl LVI with a game-ending pressure.
Von Miller,An edge rusher who earned championship honors after forcing two stripfumbles in a championship victory.,The Denver Broncos and LA Rams pass rusher famous for wearing thick-rimmed glasses off the field and his quick first step.
Richard Sherman,A communications graduate who represented himself without an agent during contract negotiations.,The outspoken cornerback who anchored the Seattle Seahawks' famous 'Legion of Boom' secondary.
Michael Thomas,A wide receiver who set the singleseason record with 149 catches during the 2019 season.,The former New Orleans Saints star pass-catcher who operated under the handle '@Cantguardmike'.
Julio Jones,An wide receiver who holds the highest career receiving yards per game average in league history.,The physically imposing Atlanta Falcons wideout who wore number 11 and dominated defensive secondaries in the 2010s.
Clayton Kershaw,"A lefthanded starting pitcher who won the pitching in 2011 by leading his league in wins, and strikeouts.","The longtime Los Angeles Dodgers ace who wore number 22, won three Cy Young Awards, and earned the 2014 NL MVP."
Max Scherzer,A fierce starting pitcher known for having different colored eyes due to heterochromia iridium.,The intense right-hander nicknamed 'Mad Max' who won Cy Young Awards in both leagues and struck out 20 batters in a single game.
Justin Verlander,"A powerpitching righthander who threw three career nohitters and surpassed 3,000 career strikeouts.",The three-time Cy Young Award winner who won the 2011 AL MVP with Detroit and two World Series rings with Houston.
Buster Posey,A star catcher who won a championship title in 2010 and just two seasons later.,The calm San Francisco Giants backstop who managed the team's pitching staff during three World Series title runs in five years.
Miguel Cabrera,"A slugger who won the in 2012, the first player to do so in 45 years.","The Detroit Tigers legend nicknamed 'Miggy' who reached both the 3,000-hit and 500-home run milestones."
Albert Pujols,A power hitter who became only the fourth player in major league history to reach 700 career home runs.,The feared first baseman nicknamed 'The Machine' who won three NL MVPs and two World Series titles with the St. Louis Cardinals.
Ichiro Suzuki,A hit machine who broke 's 84yearold singleseason hit record by recording 262 hits in 2004.,"The Seattle Mariners outfielder famous for his pre-pitch sleeve tug, laser throw from right field, and over 3,000 MLB hits."
Connor McDavid,A hockey prodigy who won the by a unanimous vote in 2021.,The lightning-fast Edmonton Oilers captain who wears number 97 and is widely regarded as modern hockey's most dominant scorer.
Sidney Crosby,A Canadian star center who scored the famous overtime 'Golden Goal' against Team USA at the 2010 Winter Olympics.,The Pittsburgh Penguins captain nicknamed 'Sid the Kid' who wore number 87 and won three Stanley Cups.
Alexander Ovechkin,A Russian power winger who won the Maurice 'Rocket' Richard Trophy as the NHL's leading goalscorer a record nine times.,The Washington Capitals captain and goal-scoring sniper famous for his booming one-timer from 'Ovi's Office' in the left circle.
Patrick Kane,The first American-born player in league history to win the Hart Trophy as regular-season MVP.,The slick stick-handling winger who wore number 88 and scored the 2010 Stanley Cup-winning goal for the Chicago Blackhawks.
Auston Matthews,An hockey star who scored four goals in his very first career game in 2016.,The elite goal-scoring sniper and Hart Trophy winner who captained the Toronto Maple Leafs wearing number 34.
Georges St-Pierre,A polite mixed martial artist who defended his division's title belt nine consecutive times before stepping away.,The MMA legend known as 'GSP' who dominated the UFC Welterweight division and later won the Middleweight title.
Jon Jones,A longlimbed mixed martial artist who became the youngest champion in history at age 23 in 2011.,The dominant fighter nicknamed 'Bones' who ruled the UFC Light Heavyweight division for a decade before capturing the Heavyweight belt.
Anderson Silva,"A martial artist who holds the longest title reign in history at 2,457 days with 16 straight wins.",The evasive striker nicknamed 'The Spider' who dominated the UFC Middleweight division with highlights like his front-kick knockout.
Khabib Nurmagomedov,An undefeated grappling specialist who retired from professional combat sports with a perfect 29-0 record.,The suffocating Dagestani wrestler who ruled the UFC Lightweight division and entered the octagon wearing a white papakha hat.
Conor McGregor,An outspoken mixed martial artist who became the first fighter in history to hold title belts in two weight divisions simultaneously.,The charismatic Irish fighter nicknamed 'The Notorious' who knocked out Jose Aldo in 13 seconds and boxed Floyd Mayweather.
Daniel Cormier,A former freestyle wrestling team captain who went on to become a multidivision champion and commentator.,The fighter known as 'DC' who held both the UFC Light Heavyweight and Heavyweight belts simultaneously.
Israel Adesanya,A striker who logged over 80 professional kickboxing bouts before making a seamless transition to glory.,The Nigerian-born New Zealand martial artist nicknamed 'The Last Stylebender' who held the UFC Middleweight title.
Francis Ngannou,A powerful fighter who worked in sand quarries as a teenager before moving to to pursue combat sports.,The heavy-hitting knockout artist nicknamed 'The Predator' who won the UFC Heavyweight Championship.
Tyson Fury,A 6a notable project heavyweight boxer named after who survived dramatic knockdowns in a memorable fight trilogy.,The charismatic heavyweight champion known as 'The Gypsy King' who defeated Wladimir Klitschko and Deontay Wilder.
Anthony Joshua,A superheavyweight boxer who captured an gold medal at the 2012.,The British knockout artist who unified multiple world heavyweight titles and headlined massive UK stadium fights.
Gennady Golovkin,A middleweight boxer who achieved an extraordinary streak of 23 consecutive knockout victories during his prime.,The power-punching middleweight world champion known globally by his moniker 'GGG'.
Vasiliy Lomachenko,A boxer who compiled an incredible amateur record of 3961 with two gold medals before turning pro.,The wizardly multi-division world champion nicknamed 'Loma' or 'Hi-Tech' famous for his footwork and side-angle attacks.
Walter Payton,A beloved running back who once held the alltime rushing record and inspired the league's prestigious of.,The Chicago Bears Hall of Fame tailback nicknamed 'Sweetness' who wore number 34 and won Super Bowl XX.
Jim Brown,A multisport star who walked away from professional football at age 30 at the absolute peak of his career to pursue acting.,"The dominant Cleveland Browns fullback who wore number 32, led the league in rushing eight times, and starred in The Dirty Dozen."
Lawrence Taylor,One of only two defensive players in history to win the league's award.,The fearsome New York Giants outside linebacker nicknamed 'L.T.' who wore number 56 and revolutionized pass-rushing.
Brett Favre,A three-time consecutive NFL MVP who set an iron-man endurance record by starting 297 consecutive regular season games.,The gunslinging quarterback who wore number 4 for the Green Bay Packers and won Super Bowl XXX.
Larry Fitzgerald,A wide receiver whose sure hands resulted in more career tackle assists than dropped passes over a 17season career.,"The Arizona Cardinals wide receiver who wore number 11, ranks second all-time in career NFL receiving yards, and put up historic 2008 postseason stats."
Julius Peppers,A multisport star who played in the 2000 for basketball before becoming an elite defensive end.,"The 6'7"" Carolina Panthers edge-rusher who amassed 159.5 career sacks and wore number 90."
Ed Reed,A defensive playmaker who holds the record for the two longest interception returns for touchdowns in league history (106 and 107 yards).,The ball-hawking Baltimore Ravens free safety who wore number 20 and routinely baited legendary quarterbacks.
Derrick Thomas,"An explosive passrusher who holds the singlegame record for most quarterback sacks, recording 7 in a single 1990 contest.",The Hall of Fame Kansas City Chiefs linebacker who wore number 58 and was famous for his first-step speed off the edge.
Earl Campbell,A power running back who won the of the and within a twoyear span.,The bruising Houston Oilers tailback nicknamed the 'Tyler Rose' who wore number 34 and dragged tacklers downfield.
Steve Nash,A Canadian point guard who orchestrated the high-octane 'Seven Seconds or Less' offense and won consecutive NBA MVPs.,The Phoenix Suns playmaker who wore number 13 and directed high-scoring teams with no-look passes and 50-40-90 shooting accuracy.
Tracy McGrady,An explosive wing scorer who pulled off a legendary comeback by scoring 13 points in 35 seconds to win a 2004 game.,The Hall of Fame guard/forward nicknamed 'T-Mac' who won back-to-back NBA scoring titles with the Orlando Magic and Houston Rockets.
Paul Pierce,A small forward who survived a violent nightclub attack in 2000 and recovered to play all 82 games that regular season.,The Boston Celtics star nicknamed 'The Truth' who wore number 34 and was named 2008 NBA Finals MVP.
Ray Allen,A sharpshooting guard who starred as in 1998 basketball drama film He.,The Hall of Fame three-point sniper who hit the dramatic game-tying corner triple for Miami in Game 6 of the 2013 NBA Finals.
Jason Kidd,A point guard who ranks second on the 's alltime career assists and steals charts behind only.,The triple-double master who led the New Jersey Nets to two NBA Finals before winning a title with the 2011 Dallas Mavericks.
Gary Payton,The only point guard in history to win the defensive player of the year award.,The trash-talking Seattle SuperSonics playmaker nicknamed 'The Glove' who formed a dynamic alley-oop duo with Shawn Kemp.
Grant Hill,A polished point forward who led all players in fan votes as a rookie in 1995.,"The Duke superstar and Detroit Pistons star who overcame severe ankle injuries to fashion a long, Hall of Fame career."
Penny Hardaway,A tall point guard who starred alongside Chris Rock's voice alter-ego puppet 'Lil Penny' in popular 1990s Nike commercials.,"The smooth 6'7"" Orlando Magic guard who wore number 1 and teamed up with young Shaquille O'Neal to reach the 1995 NBA Finals."
Chris Webber,The leader of the famous 'Fab Five' freshman class at the University of Michigan in 1991.,The skilled passing power forward who wore number 4 and anchored the early 2000s Sacramento Kings.
Tom Glavine,A twosport athlete drafted into the by the before choosing a career in professional baseball.,"The left-handed Atlanta Braves ace who won 305 career games, two Cy Young Awards, and 1995 World Series MVP honors."
John Smoltz,The only pitcher in major league history to record both 200 career wins and 150 career saves.,The Atlanta Braves star pitcher who won a Cy Young Award as a starter and later dominated as the team's closer.
Roger Clemens,"A dominant righthanded pitcher who won seven during his career, two more than any other pitcher.",The power pitcher nicknamed 'The Rocket' who struck out 20 batters in a single game twice and won over 350 games.
Roy Halladay,A workhorse starting pitcher who pitched both a regular season perfect game and a postseason nohitter in 2010.,The Toronto Blue Jays and Philadelphia Phillies Hall of Fame ace nicknamed 'Doc' who won Cy Young Awards in both leagues.
Vladimir Guerrero,A of outfielder with a cannon arm who was famous for routinely hitting home runs off pitches that bounced in the dirt.,The free-swinging Expos and Angels superstar who wore number 27 and won the 2004 American League MVP.
Manny Ramirez,A Dominican-American slugger who holds the all-time Major League Baseball record for the most career postseason home runs (29).,The dreadlocked power hitter whose outfield antics were dubbed 'Manny Being Manny' while winning two World Series in Boston.
Carlton Fisk,A of catcher famous for frantically waving his arms to coax a 12thinning walkoff home run fair.,The Red Sox and White Sox backstop nicknamed 'Pudge' who wore number 27 and number 72.
Wade Boggs,"A third baseman who recorded 3,010 hits and held a famous superstition of eating chicken before every single game.",The five-time batting champion nicknamed 'Chicken Man' who rode a police horse around Yankee Stadium after winning the 1996 World Series.
Tony Gwynn,"A master contact hitter who struck out only 434 times across more than 10,000 career plate appearances.",The San Diego Padres icon nicknamed 'Mr. Padre' who wore number 19 and won eight National League batting titles.
Martin Brodeur,A puckhandling goaltender who holds the alltime regular season records for both career wins (691) and shutouts (125).,The New Jersey Devils legend who won three Stanley Cups and four Vezina Trophies behind a famous trap defense.
Dominik Hasek,The first goaltender in history to win the as league twice.,The flexible Czech goalie nicknamed 'The Dominator' who played for the Buffalo Sabres and Detroit Red Wings.
Patrick Roy,The only player in history to win the as playoff three separate times.,The fiery French-Canadian butterfly goaltender who won four Stanley Cups split between Montreal and Colorado.
Jaromir Jagr,"A forward who scored 1,921 points, placing him second on the alltime scoring list behind.","The iconic mullet-wearing, salute-celebrating winger who wore number 68 and played professionally into his 50s."
Mario Lemieux,A halloffame forward who once scored five goals five different ways in a single game before eventually buying his franchise.,The Pittsburgh Penguins legend nicknamed 'Super Mario' who wore number 66 and won back-to-back Stanley Cups.
Steven Stamkos,A Canadian goal-scoring sniper who captured two Maurice 'Rocket' Richard Trophies as the NHL's leading goal scorer.,The longtime captain of the Tampa Bay Lightning who led the franchise to back-to-back Stanley Cup championships in 2020 and 2021.
Henrik Lundqvist,A gold medalist netminder who was named to magazine's 100 list.,The stylish New York Rangers goaltender who wore number 30 and earned the nickname 'King Henrik'.
Zdeno Chara,"A defenseman who stands 6 feet 9 inches tall, making him the tallest player in history.",The longtime Boston Bruins captain who won the 2011 Stanley Cup and held the record for the hardest slapshot ever recorded.
Joe Thornton,A premier playmaking center who won the as in the same season he was traded midyear.,The heavily bearded San Jose Sharks star center nicknamed 'Jumbo Joe' who wore number 19.
Mark Messier,A fierce leader who famously guaranteed a playoff victory in 6 of the 1994 and scored a hat trick to fulfill it.,The Hall of Fame center nicknamed 'The Moose' who captained both the Edmonton Oilers and New York Rangers to Stanley Cup titles.
Phil Mickelson,A shortgame wizard who became the oldest major championship winner in golf history by winning the 2021 at age 50.,"The left-handed golfer nicknamed 'Lefty' who won six major titles, including three Masters green jackets."
Brooks Koepka,An athletic golfer who won four major championships in a span of just eight major appearances between 2017 and 2019.,The powerful American star who won back-to-back U.S. Opens and three PGA Championships.
Dustin Johnson,A longhitting golfer who set a record score of 20underpar to win the 2020.,The former World No. 1 golfer known for his bowed wrist swing technique and 2016 U.S. Open victory.
Jordan Spieth,A golfing prodigy who captured both the and the backtoback at just 21 years old in 2015.,The three-time major champion famous for his dramatic shot-making and long-range putting.
Jon Rahm,A golfer who held the top ranking in world amateur golf for a record 60 consecutive weeks before turning pro.,The powerhouse Spanish star who won the 2021 U.S. Open and the 2023 Masters Tournament.
Bryson DeChambeau,An analytical major champion who uses custom singlelength irons where every club shaft is engineered to the exact same length.,The long-driving golfer nicknamed 'The Scientist' who won the 2020 and 2024 U.S. Open championships.
Bubba Watson,A selftaught lefthanded golfer who achieved multimajor success without ever taking a formal professional golf lesson.,The long-hitting golfer known for playing with a pink driver and hitting a miraculous hooked wedge shot from the trees to win the Masters.
Justin Thomas,A golfer who shot an official round of 59 at the 2017 becoming the youngest player in history to break 60.,The American star and former World No. 1 who captured two PGA Championship titles in 2017 and 2022.
Sergio Garcia,A Spanish golfer who holds the all-time record for the most points scored by any player in Ryder Cup history.,The prodigy nicknamed 'El Niño' who famously won the green jacket at the 2017 Masters Tournament.
Harry Styles,A singer and actor who became the first man to appear solo on the cover of magazine in 2020.,The former One Direction boy band member who launched a massive solo career with hits like 'Watermelon Sugar' and 'As It Was'.
Justin Bieber,A pop singer who was discovered at age 13 through home singing performance videos posted.,"The pop star who gained early fame with 'Baby' before topping adult charts with 'Sorry', 'Love Yourself', and 'Peaches'."
The Weeknd,A Canadian artist whose hit single 'Blinding Lights' spent a record-breaking 90 weeks on the Billboard Hot 100 chart.,The R&B and pop superstar named Abel Tesfaye famous for the album After Hours and headlining the Super Bowl LV Halftime Show.
Ed Sheeran,A singersongwriter who performed as a street busker in before earning a major record deal with his acoustic looppedal performances.,"The red-haired musician behind record-breaking global hits like 'Shape of You', 'Thinking Out Loud', and 'Perfect'."
Shawn Mendes,A Canadian pop singer who built a massive global internet following by posting six-second acoustic song covers on Vine in 2013.,"The pop star known for chart-topping singles like 'Stitches', 'Treat You Better', and 'Señorita'."
Zayn Malik,A British R&B artist whose debut solo single 'Pillowtalk' premiered at number one in both the US and the UK.,The smooth-voiced vocalist who was the first member to leave boy band One Direction to pursue a solo career.
Liam Payne,A pop singer who first auditioned for The at age 14 before returning two years later to achieve stardom.,A member of the hit boy band One Direction who went on to release solo tracks like 'Strip That Down'.
Niall Horan,An singersongwriter and avid golfer who founded the professional athlete representation firm.,The former One Direction bandmate who launched a solo acoustic-pop career with hits like 'Slow Hands' and 'This Town'.
Louis Tomlinson,A poprock artist who held the most songwriting credits in his original global boy band's discography.,A member of One Direction who later released solo rock-influenced pop projects like the album Walls.
Nick Jonas,"An performer who was discovered at age six while singing in a salon, leading to early stage roles.",The youngest member of the Jonas Brothers who released the solo hit 'Jealous' and starred in the Jumanji films.
Joe Jonas,A pop vocalist who formed the dance-pop side group DNCE in 2015 and scored a global hit with 'Cake by the Ocean'.,The middle brother and co-lead singer of the Jonas Brothers family band.
Kevin Jonas,A musician and entrepreneur who ran a real estate development firm during his group's hiatus.,The eldest Jonas Brother who plays lead guitar for the family pop band and co-hosts TV shows.
Charlie Puth,"A viral pop artist and producer gifted with perfect pitch, enabling him to identify any musical note instantly by ear.",The singer-songwriter who co-wrote and featured on the smash tribute ballad 'See You Again' and released 'Attention'.
Adam Levine,A falsetto pop singer who served as a coach for 16 consecutive seasons on NBC's competition show The Voice.,"The heavily tattooed frontman of Maroon 5 who sang 'This Love', 'She Will Be Loved', and 'Moves Like Jagger'."
Jason Derulo,A pop and R&B songwriter who penned tracks for hip-hop stars like Lil Wayne before becoming a solo star and TikTok personality.,"The singer-dancer famous for whispering his own name at the beginning of hit songs like 'Whatcha Say', 'In My Head', and 'Riggle'."
Pitbull,A rapper and philanthropist who founded the charter school network and earned an honorary college doctorate.,"The suit-wearing, bald hitmaker known as 'Mr. Worldwide' who recorded party anthems like 'Timber', 'Give Me Everything', and 'Fireball'."
Enrique Iglesias,A pop star who recorded his earliest demo tapes under a fake pseudonym to avoid relying on his legendary father's fame.,"The 'King of Latin Pop' who crossed over into global stardom with hit songs like 'Bailamos', 'Hero', and 'I Like It'."
Ricky Martin,A former Menudo member whose show-stopping performance of 'The Cup of Life' at the 1999 Grammys kicked off the late-90s Latin pop explosion.,The Puerto Rican pop star famous for his mega-hit single 'Livin' la Vida Loca'.
Marc Anthony,A vocal powerhouse who holds a as the topselling tropical salsa recording artist in history.,The Latin music star who scored major English pop crossover hits with 'I Need to Know' and 'You Sang to Me'.
Maluma,"A Colombian urban artist whose stage name is formed by joining the first letters of his mother's, father's, and sister's names.",The Latin pop and reggaeton star who collaborated with Madonna on 'Medellín' and starred in the film Marry Me.
J Balvin,A Colombian reggaeton artist dubbed the 'Prince of Reggaeton' after accumulating billions of streams globally.,The colorful Latin urban star behind worldwide chart hits like 'Mi Gente' and his featured spot on 'I Like It'.
Rauw Alejandro,A performer who trained for professional soccer before a sports injury redirected him to music and dance.,The reggaeton and R&B star known for his intricate dance moves and synth-pop Latin hit 'Todo de Ti'.
Ozuna,A reggaeton singer who earned four for video viewership records.,The Latin trap and reggaeton artist nicknamed 'El Negrito de Ojos Claros' who scored hits with 'Taki Taki' and 'Baila Baila Baila'.
Daddy Yankee,A Puerto Rican urban pioneer credited with coining the term 'Reggaeton' in 1994 to describe his music genre.,The 'King of Reggaeton' who brought the style to global prominence with 2004's 'Gasolina' and featured on 'Despacito'.
Luis Fonsi,A singer whose breakout music video became the first in history to surpass five billion views.,The Latin pop singer-songwriter who co-wrote and led the record-shattering global hit 'Despacito'.
Robin Thicke,An songwriter and vocalist who began his career writing tracks for and in his teens.,The crooner who scored a massive 2013 global hit with 'Blurred Lines' and served as a panelist on The Masked Singer.
Pharrell Williams,A highfashion icon and hitmaking producer who was appointed for in 2023.,The hat-wearing producer half of The Neptunes who sang the upbeat anthem 'Happy' and featured on 'Get Lucky'.
CeeLo Green,A southern hip-hop performer who co-founded the group Goodie Mob before launching a soul-pop duo with Danger Mouse.,"The soulful singer behind Gnarls Barkley's hit 'Crazy', the solo smash 'Forget You', and a former coach on The Voice."
Will.i.am,A futuristic pop producer and tech investor who once served as a of.,The founding member and producer of The Black Eyed Peas who crafted global hits like 'I Gotta Feeling' and 'Boom Boom Pow'.
Taio Cruz,A British songwriter who won a BRIT Award at age 21 for co-writing Will Young's hit single 'Your Game'.,The pop-electro singer who topped charts worldwide with 2010 party anthems 'Dynamite' and 'Break Your Heart'.
Jay Sean,A British-Asian vocalist who withdrew from medical school in London to pursue a professional music recording career.,The R&B pop artist who topped the US Billboard Hot 100 with his breakout single 'Down' featuring Lil Wayne.
Sean Paul,A recording artist who competed on the national water polo team in his late teenage years.,"The raspy-voiced dancehall star who ruled 2000s radio with chart-toppers like 'Get Busy', 'Temperature', and 'Gimme the Light'."
Shaggy,A reggae-pop performer who served in the military as a field artillery cannoner.,"The deep-voiced Jamaican artist famous for hits like 'It Wasn't Me', 'Angel', and 'Boombastic'."
Akon,A entrepreneur who launched a massive solar energy initiative providing power across rural.,"The distinctively voiced hitmaker behind 'Smack That', 'Locked Up', and 'Lonely' who founded Konvict Muzik."
T-Pain,A musician who famously proved his natural vocal ability by winning the first season of The without audio effects.,The pitch-correction pioneer featured on dozens of 2000s club hits like 'Buy U a Drank' and 'I'm On a Boat'.
Nelly,A Midwest hip-hop artist who famously wore a white surgical bandage on his left cheek in the early 2000s.,"The St. Louis rapper who dominated the 2000s with chart-topping tracks like 'Country Grammar', 'Hot in Herre', and 'Dilemma'."
Flo Rida,A highenergy party rapper whose debut single spent ten consecutive weeks at number one on the 100 in 2008.,"The Southern hitmaker known for massive upbeat club tracks like 'Low', 'Right Round', 'Wild Ones', and 'Whistle'."
Ne-Yo,An R&B songwriter who penned Mario's chart-topping 2004 smash hit 'Let Me Love You' before debuting his own solo material.,"The fedora-wearing R&B artist known for 'So Sick', 'Closer', and writing hits for Rihanna and Beyoncé."
Trey Songz,A vocalist who was discovered performing at a local talent show when he was 14 years old.,"The R&B crooner and actor known for hit party tracks like 'Bottoms Up', 'Say Aah', and 'Na Na'."
Chris Brown,An athletic performer who became the first male lead artist since 1995 to have a debut single top the 100.,"The dancer and singer who broke out with 'Run It!' before releasing hits like 'Kiss Kiss', 'Forever', and 'With You'."
Frank Ocean,An elusive singersongwriter who ghostwrote tracks for and before debuting.,The acclaimed R&B visionary associated with Odd Future who released the groundbreaking albums Channel Orange and Blonde.
Miguel,An eclectic singersongwriter who won the 2013 for for a hit single off.,The smooth R&B vocalist known for his hit single 'Adorn' and collaborations like 'Sky Walker'.
Daniel Caesar,A gospelinfluenced artist whose independently released debut project earned multiple nods.,"The soulful singer known for 'Get You', 'Best Part' with H.E.R., and his featured vocal on Justin Bieber's 'Peaches'."
Giveon,A baritone singer who honed his vocal craft through the music education program.,The Long Beach crooner known for his hit single 'Heartbreak Anniversary' and feature on Drake's 'Chicago Freestyle'.
Leon Bridges,A soul artist who was working as a restaurant dishwasher when he was scouted and signed to a major record label.,The retro-soul crooner whose 1960s-inspired sound broke through on his acclaimed album Coming Home.
Sturgill Simpson,A genrebending musician who worked for the before launching an acclaimed outlaw country career.,The Kentucky-born country and rock artist whose album A Sailor's Guide to Earth won a Grammy for Best Country Album.
Chris Stapleton,A songwriter who penned over 170 album tracks for other stars before breaking out with his solo debut.,"The bearded, soulful country musician famous for his hit rendition of 'Tennessee Whiskey'."
Kane Brown,The first artist in music history to simultaneously hold the top spot on all five main country charts.,The country-pop artist who gained initial fame through online video covers before releasing hits like 'Heaven' and 'What Ifs'.
Luke Combs,A powerhouse country singer whose cover of 1988 folk track topped country charts and won of.,"The North Carolina country star behind chart-topping hits like 'Beautiful Crazy', 'Hurricane', and 'When It Rains It Pours'."
Morgan Wallen,"A country artist whose third studio album, at a logged 19 nonconsecutive weeks atop the 200.","The mullet-wearing country-pop star behind record-shattering hits like 'Last Night', 'Whiskey Glasses', and 'Wasted on You'."
Mark Ronson,A British super-producer and DJ who earned an Oscar for co-writing 'Shallow' for A Star Is Born.,"The producer behind Amy Winehouse's Back to Black, the massive hit 'Uptown Funk' with Bruno Mars, and the Barbie movie soundtrack."
David Guetta,A electronic artist who spent decades in nightclubs before bridging house music with mainstream pop.,"The global superstar DJ behind massive electronic crossover anthems like 'Titanium', 'Hey Mama', and 'Sexy Bitch'."
Calvin Harris,A producer whose album 18 surpassed for the most 10 hits from a single record.,"The hitmaking DJ behind global club smashes like 'We Found Love' with Rihanna, 'Summer', and 'Feel So Close'."
Avicii,A Swedish EDM producer whose breakout track 'Levels' heavily sampled an iconic Etta James vocal line.,The electronic music icon who blended folk melodies with dance beats on global hits like 'Wake Me Up' and 'Hey Brother'.
Kygo,A producer and pianist who set early records for reaching one billion streams faster than any other artist.,The tropical house pioneer known for his breakout track 'Firestone' and popular remixes of classic hits by Whitney Houston and Tina Turner.
Zedd,A Russian-German musician who played drums in a metalcore band before transitioning into electro-house production.,"The Grammy-winning DJ and producer behind massive pop-EDM radio hits like 'Clarity', 'Stay', and 'The Middle'."
Marshmello,An electronic producer who performed a groundbreaking virtual live set inside in 2019.,The helmet-wearing DJ who concealed his identity while scoring massive pop hits like 'Happier' and 'Wolves'.
Martin Garrix,A electronic producer who became the youngest artist to score a numberone hit.,The DJ prodigy who skyrocketed to global festival fame at age 17 with his instrumental electro anthem 'Animals'.
Tiësto,A veteran electronic artist who became the first to perform live on stage during.,The electronic pioneer often dubbed the 'Godfather of EDM' behind dance classics like 'Adagio for Strings' and 'The Business'.
Diplo,An and superproducer who cofounded the side project alongside.,"The frontman for Major Lazer who produced 'Lean On' and collaborated extensively across dancehall, hip-hop, and pop."
Skrillex,An electronic producer and former lead vocalist for the posthardcore band.,The eight-time Grammy winner who popularized North American dubstep with hits like 'Scary Monsters and Nice Sprites'.
Steve Aoki,An and label founder whose father founded the restaurant chain.,The long-haired electronic performer famous for throwing large decorated sheet cakes directly at crowd members during his sets.
Armin van Buuren,A radio host and musician who leads the long-running weekly syndicated show A.,The trance legend who was voted the world's number one DJ a record five times by DJ Mag.
Deadmau5,A progressive house artist named whose alias originated from finding a dead rodent inside his computer.,The electronic producer known for his signature oversized LED-lit mouse helmet and tracks like 'Ghosts 'n' Stuff'.
Alesso,A electronic producer mentored in his early career.,The progressive house DJ behind festival and radio anthems like 'Heroes (We Could Be)' and 'Calling (Lose My Mind)'.
Kaskade,An producer who helped spearhead the deep house movement in the early 2000s.,The Grammy-nominated DJ who headlined major festival booms with tracks like 'Disarm You' and 'Atmosphere'.
Sebastian Ingrosso,A Swedish electronic producer who scored a major solo crossover hit with 'Reload' featuring John Martin.,A member of the electronic dance music trio Swedish House Mafia alongside Axwell and Steve Angello.
Axwell,A electronic artist who established and managed the independent dance label.,A producer and DJ best known as one-third of the electronic supergroup Swedish House Mafia.
Steve Angello,A Greek-Swedish house producer who founded the Size Records imprint and began DJing in Europe at age 12.,A founding member of the progressive house group Swedish House Mafia.
James Arthur,A British singer-songwriter who rose to prominence after winning Season 9 of The X Factor UK.,The raspy-voiced pop balladeer known for his multi-platinum single 'Say You Won't Let Go'.
Calum Scott,A British vocalist who received Simon Cowell's Golden Buzzer on Britain's Got Talent in 2015.,"The singer who achieved global success with his stripped-down, emotional cover of Robyn's 'Dancing on My Own'."
Dean Lewis,An pop singersongwriter who decided to pursue a professional music career after watching a of a live concert.,"The musician behind emotional, multi-platinum global acoustic hits like 'Be Alright' and 'Waves'."
Vance Joy,An singersongwriter who played semiprofessional rules football before committing fully to music.,The indie-pop artist best known for his ukulele-driven breakout single 'Riptide' and the hit track 'Georgia'.
George Ezra,A singersongwriter whose deep baritone vocal tone famously surprised early fans given his youthful look.,"The English pop-folk artist behind catchy international radio hits like 'Budapest', 'Shotgun', and 'Green Green Grass'."
Tom Walker,A raspyvoiced vocalist who received the award at the 2019.,The musician behind the emotionally charged international breakout hit 'Leave a Light On'.
Rag'n'Bone Man,A heavily tattooed bluespop singer born who took his stage moniker from the classic comedy.,"The powerful, deep-voiced artist behind the massive hit single 'Human'."
Sam Fender,An indierock artist who was scouted in 2013 while working shifts as a bartender at a local pub.,The Bruce Springsteen-inspired singer-songwriter behind critically acclaimed UK album releases like Seventeen Going Under.
Dominic Fike,A genreblending musician who recorded his initial breakout while serving house arrest.,The Florida singer-guitarist behind the hit single '3 Nights' who also portrayed Elliot on HBO's Euphoria.
Paul Klein,A classical piano student from who formed an indiepop trio after moving.,"The lead vocalist and frontman for the synth-pop band LANY, known for tracks like 'ILYSB' and 'Malibu Nights'."
Lauv,"An American pop musician whose stage name is derived from the Latvian word for 'lion', referencing his mother's lineage.",The electro-pop singer-songwriter behind viral pop hits like 'I Like Me Better' and 'Feels' with LANY.
Bazzi,A popR&B artist whose music gained massive initial viral traction via a custom lens filter.,The Michigan-born singer-songwriter who vaulted to international prominence with his breakout hit single 'Mine'.
Conan Gray,An pop artist who cultivated a passionate fan base by posting bedroom covers and personal vlogs.,The singer-songwriter behind emotional pop hits like 'Heather' and 'Maniac'.
Alec Benjamin,A pop storyteller who originally promoted his songs by playing impromptu acoustic parkinglot sets outside concert venues.,The singer-songwriter known for his high vocal register and narrative pop hit 'Let Me Down Slowly'.
Joji,A Japanese artist who created the internet personality Filthy Frank and initiated the global 'Harlem Shake' meme before entering music.,The lo-fi R&B singer signed to 88rising who recorded chart hits like 'SLOW DANCING IN THE DARK' and 'Glimpse of Us'.
Omar Apollo,A Mexican-American musician who taught himself to play guitar at age 12 using online video tutorials.,The falsetto-vocal singer-songwriter who earned a Grammy nomination for Best New Artist behind hits like 'Evergreen'.
Steve Lacy,A multiinstrumentalist producer who famously recorded guitar parts and beats on his iPhone using an iRig.,The guitarist for R&B band The Internet who scored a solo Billboard Hot 100 number-one hit with 'Bad Habit'.
Rex Orange County,An bedroompop musician born whose stage surname comes from an initialbased nickname.,"The indie-pop singer featured prominently on Tyler, The Creator's album Flower Boy and known for 'Loving Is Easy'."
Ruel,An pop vocalist who became the youngest recipient ever of the for at age 16.,The singer-songwriter known for soulful pop tracks like 'Painkiller' and 'Dazed & Confused'.
Jack Harlow,A Kentucky-born hip-hop artist who starred as the lead in the 2023 feature remake of White Men Can't Jump.,The rapper behind the viral hit 'Whats Poppin' and the Billboard Hot 100 number-one single 'First Class'.
Lil Nas X,An artist whose countryrap crossover single set a record by spending 19 consecutive weeks atop the 100.,"The genre-blending pop star behind 'Old Town Road', 'Montero (Call Me By Your Name)', and 'Industry Baby'."
Machine Gun Kelly,A versatile performer who transitioned from rapid-fire hip-hop to pop-punk with his Travis Barker-produced album Tickets to My Downfall.,The blonde musician and actor also known as Colson Baker who released tracks like 'My Ex's Best Friend'.
Yungblud,A altrock performer who trained at 's before releasing genreblending punk music.,The energetic English rock artist born Dominic Harrison known for theatrical performances and tracks like 'Parents'.
24kGoldn,A artist who was studying business at when his music blew up globally.,The rap-pop singer who hit number one on the Billboard Hot 100 with his breakout single 'Mood' featuring Iann Dior.
Iann Dior,A Puerto Rican-born artist born Michael Ian Olmo who began releasing songs under his real name before adopting a stage moniker.,The singer-rapper featured on the chart-topping hit 'Mood' with 24kGoldn and known for tracks like 'Emotions'.
Dominic Harrison,A altrock musician who performs under a stage name given to him by management due to his youth.,"The energetic, pink-socks-wearing British rocker better known as Yungblud who collaborated on '11 Minutes'."
Matty Healy,A singersongwriter whose parents are both prominent television personalities and actors.,"The outspoken, suit-wearing lead vocalist and guitarist for the British indie pop-rock band The 1975."
George Daniel,A songwriter and producer who handles primary production for his band alongside lead singer.,The drummer and co-producer for The 1975 who has also produced tracks for Charli XCX.
Oliver Tree,An eccentric performer who set a in 2020 by building and riding the world's largest kick scooter.,The bowl-cut-wearing internet personality and musician known for viral tracks like 'Life Goes On' and 'Alien Boy'.
Two Feet,An singersongwriter born whose breakout single went viral without major radio support.,"The electronic indie producer known for heavy basslines, bluesy electric guitar riffs, and the hit track 'Go Fuck Yourself'."
Gnash,An singersongwriter who recorded his breakout multiplatinum single using a basic home garage setup.,"The musician and producer who topped global charts with his 2016 duet 'I Hate U, I Love U' featuring Olivia O'Brien."
blackbear,An American songwriter named Matthew Musto who co-wrote Justin Bieber's multi-platinum hit 'Boyfriend' in 2012.,The singer-producer behind chart-topping solo and crossover hits like 'do re mi' and 'hot girl bummer'.
Arizona Zervas,An recording artist who released his breakout single independently before it went viral on social media.,The pop-rap singer who achieved massive worldwide viral success with his 2019 hit 'Roxanne'.
Trevor Daniel,A Houston-born artist whose breakout track gained global momentum over a year after its initial release.,The pop-R&B singer who scored a massive worldwide viral hit with the single 'Falling'.
Powfu,A lofi musician whose father is the lead vocalist for the poppunk group.,The artist who scored a massive global lo-fi hip-hop hit with 'Death Bed (Coffee for Your Head)' featuring beabadoobee.
BBNO$,A Canadian artist with a degree in kinesiology whose stage alias is short for 'Baby No Money'.,The playful rap-pop musician behind viral internet hits like 'Lalala' with Y2K and 'Edamame'.
Mura Masa,A Guernsey-born electronic producer who won a Grammy Award for Best Remixed Recording for his edit of HAIM's 'Walking Away'.,The UK beatmaker and DJ known for his breakout track 'Lovesick' and collaborations with Slowthai and PinkPantheress.
SG Lewis,A British house producer who co-wrote and produced the track 'Hallucinate' on Dua Lipa's Future Nostalgia.,The electronic musician and singer known for his disco-infused tracks and collaborations with Clairo and Tove Lo.
Elderbrook,A singersongwriter who performed in an indie band before shifting to electronic house music.,The electronic vocalist and producer who earned a Grammy nomination for his hit collaboration 'Cola' with CamelPhat.
Jonas Blue,A London producer whose tropical house rendition of Tracy Chapman's 'Fast Car' surpassed the original's UK chart sales.,"The British DJ and pop producer behind dance radio hits like 'Fast Car', 'Mama', and 'Rise'."
Jax Jones,A British producer who co-wrote and featured on Duke Dumont's UK number-one hit 'I Got U'.,The dance-pop DJ known for high-energy UK radio tracks like 'You Don't Know Me' and 'Instruction'.
Duke Dumont,A electronic producer who scored backtoback numberone singles on the official.,"The deep house DJ and producer behind global electronic hits like 'Need U (100%)', 'I Got U', and 'Ocean Drive'."
Sigala,A British electronic artist whose debut single sampled The Jackson 5's classic 'ABC' and topped the UK charts.,"The tropical house DJ behind upbeat dance-pop hits like 'Easy Love', 'Sweet Lovin'', and 'Came Here for Love'."
Joel Corry,A producer who originally gained public visibility as a cast member.,The chart-topping DJ and producer who dominated summer radio with house tracks like 'Sorry' and 'Head & Heart'.
Regard,A Kosovan electronic artist whose deep house reworking of Jay Sean's 'Ride It' went viral on social media.,The DJ and producer who achieved international stardom with house hits 'Ride It' and 'Secrets' with RAYE.
Lost Frequencies,A producer born who became the first artist from to top the official.,The deep house DJ best known for his global breakthrough single 'Are You with Me' and 'Where Are You Now'.
Robin Schulz,A and producer who founded before earning global recognition.,The deep and tropical house producer famous for his acoustic-led remixes of Mr. Probz's 'Waves' and Lilly Wood's 'Prayer in C'.
Felix Jaehn,"A German electronic artist whose remix of OMI's 'Cheerleader' reached number one in over 20 countries, including the US.",The tropical house DJ who achieved global fame with his 'Cheerleader' remix and his hit track 'Ain't Nobody (Loves Me Better)'.
Topic,A German-Croatian producer who describes his distinct signature sound as 'melancholic dance music'.,The electronic artist behind the massive international dance radio hit 'Breaking Me' featuring A7S.
Imanbek,A Kazakhstani producer who was working as a railway repairman when he created a Grammy-winning remix on his home computer.,The electronic musician who won a Grammy for his viral dance remix of SAINT JHN's 'Roses'.
SAINT JHN,A artist who ghostwrote for and before pursuing his own music career.,The singer-rapper whose track 'Roses' became a worldwide hit following Imanbek's Grammy-winning remix.
Wizkid,The first Nigerian artist to top the US Billboard Hot 100 via his featured appearance on Drake's 'One Dance'.,The Afrobeats legend behind the album Made in Lagos and the global hit single 'Essence'.
Davido,An artist born in who performed at the closing ceremony of the 2022.,"The Nigerian superstar known for chart-topping singles like 'Fall', 'If', and 'UNAVAILABLE'."
Rema,A Nigerian artist whose single 'Calm Down' became the highest-charting Afrobeats track in Billboard history.,The young musician who pioneered the 'Afrorave' subgenre and achieved global fame with the 'Calm Down' remix featuring Selena Gomez.
Fireboy DML,A Nigerian artist who recorded an international version of his single 'Peru' featuring Ed Sheeran.,The R&B and Afrobeats singer-songwriter signed to YBNL Nation known for hits like 'Jealous' and 'Peru'.
CKay,A Nigerian artist and producer whose self-produced single 'Love Nwantiti' became the most Shazamed track in the world.,The Afrobeats musician behind the global viral hit 'Love Nwantiti (Ah Ah Ah)'.
Asake,A musician who studied theater arts before breaking into the music scene with his signature chorus vocals.,The Afrobeats and Amapiano star known for high-energy albums like Mr. Money with the Vibe and hits like 'Sungba'.
Omah Lay,A singer and producer whose grandfather played percussion for highlife legend.,"The Afro-pop artist known for his moody, atmospheric vocal style on tracks like 'Soso' and 'Understand'."
Kizz Daniel,A musician who holds a degree in.,"The Afrobeats hitmaker known for viral, dance-heavy anthems like 'Buga' and 'Cough (Odo)'."
Swae Lee,A high-register vocalist who co-wrote Beyoncé's Grammy-nominated 2016 single 'Formation'.,The falsetto-voiced half of Rae Sremmurd who teamed up with Post Malone for the record-breaking hit 'Sunflower'.
Slim Jxmmi,An American rapper who formed a hitmaking hip-hop duo alongside his younger brother Swae Lee.,"The energetic rapper who forms one-half of Rae Sremmurd, known for tracks like 'Black Beatles' and 'Swang'."
Ty Dolla $ign,"A multiinstrumentalist who plays bass, drums, and keyboards, producing much of his own background instrumentation.",The raspy-voiced R&B singer and go-to featured artist who formed the duo ¥$ with Kanye West for Vultures.
Jeremih,"A Chicago-born R&B singer who taught himself to play piano, drums, and saxophone by ear.","The R&B vocalist behind chart hits like 'Birthday Sex', 'Down on Me', and 'Oui'."
August Alsina,A vocalist who won at the 2014 following his debut album.,The singer-songwriter known for hits like 'I Love This Shit' and 'No Love'.
Jacquees,An R&B artist who sparked a viral internet debate in 2018 after declaring himself the 'King of R&B for his generation'.,The Atlanta singer and Cash Money artist known for his hit single 'B.E.D.' and popular R&B remixes.
Bryson Tiller,An R&B and hip-hop artist who worked full-time at Papa John's and UPS to support himself while writing his breakout mixtape.,The Louisville artist who pioneered the 'Trap Tiller' sound with breakout hits 'Don't' and 'Exchange'.
PARTYNEXTDOOR,A singer and producer who became the very first artist signed to record label in 2013.,The dark R&B singer-songwriter who penned Rihanna's hit single 'Work' and released tracks like 'Come and See Me'.
Roy Woods,A recording artist who was an avid high school football player before pivoting to pursue music fulltime.,The OVO Sound R&B artist known for his smooth vocal delivery on 'Drama' featuring Drake.
Majid Al Maskati,A vocalist who met his musical producing partner while attending the of in 2011.,"The lead singer of the R&B duo Majid Jordan who co-wrote and featured on Drake's hit 'Hold On, We're Going Home'."
Daniel Daley,An vocalist who formed a secretive alternative duo alongside producer.,"The falsetto lead singer of the Canadian R&B group dvsn, known for albums like Sept. 5th."
Brent Faiyaz,An singersongwriter who successfully releases all of his solo music independently through his own creative agency.,The independent Maryland R&B vocalist with a smooth tone known for his hook on 'Crew' and his album Wasteland.
Lucky Daye,An artist who was raised in an isolated religious cult in that strictly forbade listening to secular music.,The New Orleans-born singer who won a Grammy Award for his retro-soul EP Table for Two and sang 'Over'.
PJ Morton,A multi-winning soul singer who has concurrently served as the touring keyboardist for a massive poprock band since 2012.,The New Orleans R&B artist and Maroon 5 keyboardist known for his solo soul records and Stevie Wonder covers.
Anthony Hamilton,A neo-soul artist who sang background vocals for D'Angelo's iconic tours before breaking through as a lead solo artist.,The raspy-voiced R&B singer famous for his hit 'Charlene' and his feature on the Django Unchained soundtrack.
Austin Butler,An American actor who trained extensively for three years to master the vocal accent and stage presence required for a legendary musical biopic.,The breakout star who played the King of Rock and Roll in Elvis and the ruthless Feyd-Rautha Harkonnen in Dune: Part Two.
Barry Keoghan,An Irish actor who spent years of his childhood moving through 13 different foster homes in Dublin before finding success.,"The intense actor known for his disturbing roles in The Killing of a Sacred Deer, The Banshees of Inisherin, and Saltburn."
Jeremy Allen White,"An American actor who trained extensively as a professional dancer in ballet, jazz, and tap before transitioning to television.",The Emmy-winning star who played Lip Gallagher on Shameless before finding massive acclaim as chef Carmy Berzatto on The Bear.
Ebon Moss-Bachrach,"An Emmy-winning actor who was cast to play Ben Grimm, also known as The Thing, in Marvel's The Fantastic Four: First Steps.",The television actor beloved for playing the hot-headed Cousin Richie on FX's culinary drama The Bear.
Diego Luna,A Mexican actor and director who co-founded the production company Canana Films alongside his lifelong friend Gael García Bernal.,The star who gained international fame in Y Tu Mamá También and played the rebel spy Cassian Andor in Star Wars.
Kieran Culkin,An actor who made his feature film debut playing the bed-wetting cousin Fuller in Home Alone alongside his real-life brother.,"The former indie film actor who won an Emmy for his hilarious, sharp-tongued performance as Roman Roy on Succession."
Matthew Macfadyen,A British actor who famously portrayed the classic romantic lead Mr. Darcy opposite Keira Knightley in a 2005 literary adaptation.,The versatile star famous for his BAFTA and Emmy-winning turn as the power-hungry Tom Wambsgans on Succession.
Nicholas Braun,A towering 6foot7 actor who early in his career played the glowing superhero sidekick in 's.,"The actor who earned multiple Emmy nominations playing the awkward, opportunistic Cousin Greg on Succession."
Alan Ruck,An actor who was remarkably 29 years old when he famously played a 17-year-old high school student in a classic John Hughes film.,The veteran actor famous for playing the hypochondriac Cameron in Ferris Bueller's Day Off and Connor Roy on Succession.
Brian Cox,A Scottish actor who was the very first person to portray the cannibalistic serial killer Hannibal Lecter on film in 1986.,The formidable Shakespearean actor who commanded Waystar Royco as the ruthless patriarch Logan Roy on Succession.
Anthony Starr,A New Zealand actor who played twin brothers Jethro and Van West in the popular Kiwi comedy-drama series Outrageous Fortune.,"The actor who chillingly portrays the terrifying, milk-drinking, laser-eyed superhero Homelander on The Boys."
Karl Urban,"A New Zealand actor who has starred in massive sci-fi franchises including The Lord of the Rings, Star Trek, and Judge Dredd.",The rugged action star known for playing Éomer in Lord of the Rings and the supe-hunting Billy Butcher on The Boys.
Jack Quaid,"An actor who made his feature film acting debut playing Marvel, a tribute from District 1, in the 2012 blockbuster The Hunger Games.","The son of Dennis Quaid and Meg Ryan who stars as the timid, tech-savvy supe-fighter Hughie Campbell on The Boys."
Jensen Ackles,An actor who starred as a monster-hunting brother on a dark fantasy television series for 15 consecutive seasons across 327 episodes.,The fan-favorite television star famous for playing Dean Winchester on Supernatural and the shield-wielding Soldier Boy on The Boys.
Jared Padalecki,"An actor who won a network television 'Claim to Fame' contest in 1999, which subsequently introduced him to his first talent agents.","The television star known for playing Dean Forester on Gilmore Girls, the titular role in Walker, and Sam Winchester on Supernatural."
Justin Baldoni,An actor and filmmaker who directed the romantic drama Five Feet Apart and adapted Colleen Hoover's bestselling novel It Ends with Us.,The actor and director who starred as Rafael Solano on Jane the Virgin and directed/starred in It Ends with Us.
Penn Badgley,An actor and musician who completed his high school requirements at age 13 and began taking college courses shortly after.,The television star famous for playing 'Lonely Boy' Dan Humphrey on Gossip Girl and the stalker bookstore manager Joe Goldberg on Netflix's You.
Chace Crawford,An actor who worked as a valet parking attendant in Malibu before landing his breakout television role on a hit teen drama.,The actor who starred as the wealthy prep schooler Nate Archibald on Gossip Girl and the aquatic superhero The Deep on The Boys.
Ed Westwick,A British actor who was also the lead singer of an English indie rock band called The Filthy Youth.,The English television star famous for portraying the bad-boy billionaire Chuck Bass on the hit teen drama series Gossip Girl.
Darren Criss,A performer who cofounded and cowrote the viral internet parody A while attending college.,The talented singer-actor who broke out as Blaine Anderson on Glee and won an Emmy for The Assassination of Gianni Versace.
Matthew Morrison,A Broadway performer who originated the role of Link Larkin in the 2002 Tony-winning musical production of Hairspray.,The Broadway song-and-dance star best known for playing the optimistic high school glee club director Will Schuester on Glee.
Cory Monteith,A Canadian actor who famously auditioned for his breakout television role by submitting a video of himself playing a makeshift drum kit using Tupperware.,The beloved late actor who starred as the high school quarterback and lead male singer Finn Hudson on Glee.
Jonathan Groff,A royalty and winner who voiced the ice harvester in 's animated blockbusters.,The acclaimed stage and screen actor who originated King George III in Hamilton and starred as FBI agent Holden Ford in Mindhunter.
Andrew Rannells,A stage star who early in his career voiced the character of trainer in the dub of the anime series.,The Tony-nominated Broadway actor who originated Elder Price in The Book of Mormon and starred on HBO's Girls.
Adam Driver,An actor who served in the United States Marine Corps for nearly three years before being medically discharged.,"The intense star who played Kylo Ren in Star Wars, earned Oscar nominations for BlacKkKlansman and Marriage Story, and starred on Girls."
Boyd Holbrook,An actor who worked as a carpenter at a local theater in Kentucky before being discovered by a modeling agent.,"The performer who played DEA agent Steve Murphy on Narcos, villain Donald Pierce in Logan, and the Corinthian in The Sandman."
Wagner Moura,A Brazilian actor who learned Spanish from scratch and gained over 40 pounds to accurately embody a notorious drug kingpin.,The acclaimed star who earned a Golden Globe nomination for his intense portrayal of Pablo Escobar on Netflix's Narcos.
Alexander Skarsgård,A star who served in an antisabotage and antiterrorism military unit before committing to his acting career.,"The Emmy-winning actor who played vampire Eric Northman on True Blood, an abusive husband on Big Little Lies, and a Viking in The Northman."
Bill Skarsgård,"A actor who can naturally contort his eyes in opposite directions, a trick he used without for his breakthrough audition.",The horror icon who terrified worldwide audiences as Pennywise the Dancing Clown in Stephen King's It films.
Gustaf Skarsgård,"The middle brother in the famous acting dynasty, situated right between.",The Swedish actor famous for portraying the eccentric boat builder Floki on the historical drama series Vikings.
Travis Fimmel,An dairy farm kid who became the first male model to secure an exclusive sixfigure contract.,The rugged actor who commanded six seasons as the legendary Norse warrior Ragnar Lothbrok on the History channel series Vikings.
Clive Standen,An international boxing champion and professional stuntman before transitioning into main acting roles.,The British actor known for playing the fierce warrior Rollo on Vikings and Bryan Mills on the television prequel Taken.
Sam Heughan,"A Scottish actor who launched his own blended Scotch whisky brand named Sassenach, inspired by his hit television series.",The Scottish heartthrob famous for playing highlander Jamie Fraser on the time-travel romance drama Outlander.
Richard Rankin,A Scottish actor who originally trained in information technology before switching paths to study drama at Langside College.,The Scottish television star best known for playing historian Roger Wakefield on the fantasy romance series Outlander.
David Giuntoli,An actor who was originally discovered by MTV scouts and appeared on reality competition shows like Road Rules in 2003.,The television star who played homicide detective Nick Burkhardt on NBC's Grimm and Eddie Saville on A Million Little Things.
Tyler Hoechlin,An athleteturnedactor who famously turned down a major role in to play college baseball.,The television star who played werewolf Derek Hale on Teen Wolf and Clark Kent / Superman on The CW's Superman & Lois.
Tyler Posey,An actor who auditioned for the role of Jacob Black in the Twilight franchise before his childhood friend Taylor Lautner landed it.,The Mexican-American actor and musician who starred as alpha werewolf Scott McCall on MTV's supernatural series Teen Wolf.
Dylan O'Brien,"An internetsavvy actor who built an early following by writing, directing, and starring in comedic short videos.","The fan-favorite star who played Stiles Stilinski on Teen Wolf, headlined The Maze Runner trilogy, and starred in Taylor Swift's short film."
Keir Gilchrist,A Canadian actor who serves as the lead vocalist for two heavy metal music bands named Whelm and Phalanx.,The television actor who played Marshall Gregson on United States of Tara and autistic teen Sam Gardner on Netflix's Atypical.
Nik Dodani,An entertainer who worked as a political campaign organizer before committing fulltime to stand-up comedy and acting.,The Indian-American actor and comedian who played tech-savvy friend Zahid on Netflix's Atypical and Pat Patel on Murphy Brown.
Justice Smith,A talented performer who was named a winner in by the in 2013.,"The versatile young star who appeared in The Get Down, Pokémon Detective Pikachu, Jurassic World: Fallen Kingdom, and Dungeons & Dragons."
Regé-Jean Page,A charismatic actor who spent much of his childhood growing up in before returning to for school.,"The British-Zimbabwean heartthrob who captivated global audiences as Simon Basset, the Duke of Hastings, in Season 1 of Bridgerton."
Jonathan Bailey,A stage actor who decided he wanted to pursue acting at just five years old after watching a live production.,The Olivier Award-winning actor who starred as Viscount Anthony Bridgerton in Bridgerton and Fiyero in the film adaptation of Wicked.
Luke Thompson,An English actor who lived in France from the age of two until nineteen and speaks the language fluently.,The stage and screen actor best known for playing the artistic second-eldest brother Benedict Bridgerton on Netflix's Bridgerton.
Luke Newton,An English actor who starred in the Disney Channel UK musical television series The Lodge prior to his Regency-era breakthrough.,"The television star who played third-born brother Colin Bridgerton, taking center romantic stage in Season 3 of Bridgerton."
Corey Mylchreest,A British actor who graduated from the prestigious Royal Academy of Dramatic Art (RADA) right before landing his first major role.,"The television star who gained international acclaim playing a young, complex King George III in Queen Charlotte: A Bridgerton Story."
Freddie Stroma,A British actor who earned a full degree in neuroscience from University College London while simultaneously starting his acting career.,"The versatile star who played Cormac McLaggen in Harry Potter, Prince Friedrich in Bridgerton, and Vigilante in DC's Peacemaker."
Leo Woodall,"An actor coming from a theatrical family where his father, stepfather, and grandmother were all professional actors.",The breakout British star known for playing cheeky Essex lad Jack in The White Lotus Season 2 and Dexter Mayhew in Netflix's One Day.
Theo James,A British actor who previously worked as the lead singer and guitarist for a London-based indie rock band called Shere Khan.,"The star who played Four in the Divergent films, wealthy husband Cameron in The White Lotus Season 2, and led Netflix's The Gentlemen."
Will Sharpe,A creative who served as the president of the elite comedy troupe while studying classics at university.,The actor and director who won a BAFTA for Giri/Haji and played the introverted tech millionaire Ethan in The White Lotus.
Adam DiMarco,A performer who trained in competitive theater programs at the before booking mainstream television work.,"The actor who played Todd on The Magicians, Randall on The Order, and naive college student Albie Di Grasso in The White Lotus Season 2."
Fred Hechinger,An entertainment enthusiast who worked as a freelance journalist and film critic as a teenager before transitioning to screen acting.,The young actor known for playing screen-obsessed teen Quinn Moss-Bachrach in The White Lotus Season 1 and starring in The Fear Street Trilogy.
Lukas Gage,An actor who went viral in 2020 after publishing a video exposing a director who accidentally insulted his apartment over an unmuted Zoom call.,"The recognizable television star known for intense supporting roles in Euphoria, The White Lotus Season 1, and You Season 4."
Jacob Elordi,A towering 6foot5 performer who was initially warned by early talent agents that his extreme height would limit casting options.,The breakout star of Netflix's The Kissing Booth who evolved into prestige cinema by playing Nate Jacobs in Euphoria and Elvis in Priscilla.
Angus Cloud,A late breakout star who had zero prior acting experience and was literally scouted off a street corner while working at a restaurant.,The beloved actor who earned widespread fan acclaim and critical praise for his authentic performance as gentle drug dealer Fezco on HBO's Euphoria.
Algee Smith,"An artist who wrote and recorded multiple original tracks for the dramatic historical feature film, in which he also acted.",The actor and R&B singer who portrayed New Edition star Ralph Tresvant in a biographical miniseries and played Chris McKay on Euphoria.
Colman Domingo,A seasoned stage performer who earned a Tony Award nomination back in 2011 for his standout role in the Broadway musical The Scottsboro Boys.,The decorated actor who won an Emmy for Euphoria and received an Academy Award nomination for playing civil rights icon Bayard Rustin.
Kelvin Harrison Jr.,An accomplished classical and jazz instrumentalist who grew up in studying music performance under.,"The versatile actor praised for leading cinematic roles in Luce, Waves, Chevalier, and portraying Martin Luther King Jr. in Genius."
LaKeith Stanfield,"An actor who made his feature film debut in the indie drama Short Term 12, adapting a role he originally performed in a college student short.","The enigmatic star known for Get Out, playing Darius on Atlanta, and earning an Oscar nomination for Judas and the Black Messiah."
Brian Tyree Henry,A stage actor who originally originated the role of General Papi in the blockbuster 2011 Broadway musical The Book of Mormon.,"The celebrated actor who starred as rapper Paper Boi on Atlanta, voiced Jefferson Davis in Spider-Verse, and earned an Oscar nod for Causeway."
Stephan James,A Canadian actor who famously stepped into running shoes to play legendary Olympic track athlete Jesse Owens in the 2016 biographical drama Race.,The television and film star who played Fonny in Barry Jenkins' If Beale Street Could Talk and starred opposite Julia Roberts in Homecoming.
Damson Idris,A performer who grew up aspiring to play professional soccer before nagging knee injuries redirected his ambitions toward theater arts.,"The British-Nigerian television star who delivered a powerful, career-defining performance as drug kingpin Franklin Saint on FX's Snowfall."
Trevante Rhodes,An elite college track and field sprinter at the of who won a gold medal at the 2009.,The actor who gave a powerful breakthrough performance as adult Chiron in the Oscar-winning film Moonlight.
Ashton Sanders,An actor who studied theater arts at DePaul University before leaving early to star in acclaimed feature films.,"The performer known for playing teenage Chiron in Moonlight, RZA in Wu-Tang: An American Saga, and starring in The Equalizer 2."
Jharrel Jerome,"The historic first actor to win a for acting, taking home the trophy in 2019.",The talented star who played young Kevin in Moonlight and portrayed Korey Wise in Ava DuVernay's When They See Us.
Shamier Anderson,A advocate who cofounded The foundation and the to honor creative talent.,"The actor known for playing Xavier Dolls on Wynonna Earp, Trevante Cole in Invasion, and the tracker Mr. Nobody in John Wick: Chapter 4."
Corey Hawkins,A graduate who received the prestigious for exceptional leadership and classical theater talent.,"The star who portrayed Dr. Dre in Straight Outta Compton, Heath in The Walking Dead, and Benny in In the Heights."
O'Shea Jackson Jr.,An actor who made his feature film debut portraying his own real-life father in a biographical music drama.,The eldest son of Ice Cube who delivered an uncanny performance of his father in Straight Outta Compton and starred in Den of Thieves.
Jason Mitchell,An actor who won the African-American Film Critics Association Award for Best Supporting Actor for a breakout biographical role.,The performer who earned widespread critical acclaim for his fierce portrayal of rap pioneer Eazy-E in Straight Outta Compton.
Gwilym Lee,A British actor who spent weeks working closely with legendary guitarist Brian May to learn his exact posture and playing technique.,The stage and screen actor best known for playing Queen lead guitarist Brian May in the hit biographical drama Bohemian Rhapsody.
Ben Hardy,A British actor who learned how to play the drums from complete scratch in under two weeks to pass a major film audition.,"The performer who played Peter Beale on EastEnders, Archangel in X-Men: Apocalypse, and drummer Roger Taylor in Bohemian Rhapsody."
Joe Mazzello,A former child actor who used earnings from a blockbuster sequel cameo to help pay his tuition at the USC School of Cinematic Arts.,"The actor famous for playing Tim Murphy in Jurassic Park, Eugene Sledge in The Pacific, and bassist John Deacon in Bohemian Rhapsody."
Kingsley Ben-Adir,A British actor who remarkably portrayed two of the most influential Black cultural icons in history within a four-year window.,"The star who portrayed Malcolm X in One Night in Miami..., a Ken variant in Barbie, and reggae icon Bob Marley in Bob Marley: One Love."
Eli Goree,A Canadian actor who gained over 20 pounds of muscle and underwent intensive boxing training to accurately play a legendary sports figure.,"The television star known for playing Wells Jaha on The 100, Mad Dog on Riverdale, and young Cassius Clay in One Night in Miami...."
Leslie Odom Jr.,A talented performer who made his professional debut at just 17 years old in the ensemble cast.,The Tony-winning Broadway sensation who originated Aaron Burr in Hamilton and earned two Oscar nominations for One Night in Miami....
Anthony Ramos,An athleteturnedperformer who played high school baseball and originally planned on sports coaching before discovering musical theater.,"The star who originated John Laurens and Philip Hamilton in Hamilton, led In the Heights, and fronted Transformers: Rise of the Beasts."
Christopher Jackson,A talented composer who won a for writing original songs for the iconic children's series.,"The Broadway veteran who originated George Washington in Hamilton, Benny in In the Heights, and starred on the CBS drama Bull."
Okieriete Onaodowan,An athlete who played high school football in before a severe injury redirected his focus toward performing arts.,The stage and television actor who originated Hercules Mulligan and James Madison in Hamilton and played Dean Miller on Station 19.
Giles Terera,A author and actor who published a backstage journal titled and detailing his creation of a famous role.,The acclaimed British stage actor who won an Olivier Award for originating Aaron Burr in London's West End production of Hamilton.
William Jackson Harper,An actor who famously considered quitting the profession entirely just before landing his career-defining television audition.,The acclaimed television star who earned an Emmy nomination for playing the chronically indecisive ethics professor Chidi Anagonye on The Good Place.
Ben Schwartz,A multitalented entertainer who coauthored three comedy books focused on funny social rejection tips and conversation advice.,The comedic actor famous for playing the chaotic Jean-Ralphio Saperstein on Parks and Recreation and voicing Sonic the Hedgehog.
Nick Offerman,A master woodworker in real life who operates his own professional custom boatbuilding and furniture shop.,The iconic deadpan actor who created libertarian woodworker Ron Swanson on Parks and Recreation and won an Emmy for The Last of Us.
Adam Scott,A pop culture enthusiast who cocreated and cohosted popular podcast series deeply analyzing legendary music acts like.,The acclaimed actor famous for playing nerd-turned-politician Ben Wyatt on Parks and Recreation and Mark Scout on Apple TV+'s Severance.
Zach Woods,An improvisational prodigy who began performing comedy at the when he was only 16 years old.,"The tall, distinctively deadpan comedic actor known for playing awkward corporate climber Gabe Lewis on The Office and Jared Dunn on Silicon Valley."
Thomas Middleditch,A comedic performer who trained and worked regularly with and the before booking roles.,"The Canadian actor who earned an Emmy nomination for playing jittery, brilliant tech founder Richard Hendricks on HBO's Silicon Valley."
Martin Starr,An actor who broke out way back in 1999 playing nerdy high schooler Bill Haverchuck in the cult classic series Freaks and Geeks.,"The deadpan comedic actor known for Freaks and Geeks, playing cynical coder Bertram Gilfoyle on Silicon Valley, and Mr. Harrington in the MCU."
TJ Miller,A voice and screen actor who voiced iconic animated characters 's animated superhero hit 6 and starred in box office smash.,The bombastic comedic actor known for playing loud incubator owner Erlich Bachman on Silicon Valley and Weasel in Deadpool.
Matt Ross,A filmmaker who won the prize at the 2006 for writing and directing.,The versatile actor and director who played smug tech billionaire Gavin Belson on Silicon Valley and Alby Grant on HBO's Big Love.
Christopher Evan Welch,A celebrated stage actor who also lent his unique vocal talents to narrating audiobooks for several bestselling novels.,"The brilliant character actor who memorably stole every scene as eccentric, erratic billionaire Peter Gregory during Season 1 of Silicon Valley."
Stephen Merchant,A towering 6-foot-7 British creator who co-wrote and co-created the original UK television milestone The Office with Ricky Gervais.,The Emmy-winning British comedian and actor who voiced Wheatley in Portal 2 and played mutant Caliban in Logan.
B.J. Novak,An author who wrote The with a children's publishing phenomenon that spent over 100 consecutive weeks on bestseller lists.,"The writer, comedian, and actor who played arrogant temp-turned-executive Ryan Howard on The Office and directed the dark comedy Vengeance."
David Denman,A of graduate whose prestigious acting class included future and television star.,"The character actor known for playing short-tempered warehouse worker Roy Anderson on The Office, Sam Roy in 13 Hours, and Frank Sheehan in Mare of Easttown."
Craig Robinson,An actor and keyboardist who worked as a K-8 public school music teacher in Chicago before pursuing comedy full-time.,The comedic performer famous for playing warehouse foreman Darryl Philbin on The Office and Pontiac Bandit Doug Judy on Brooklyn Nine-Nine.
Oscar Nunez,A certified dental technician who worked in dental lab fabrication before joining The comedy troupe.,"The Cuban-American actor best known for playing the calm, straightforward accountant Oscar Martinez on The Office."
Brian Baumgartner,A podcast host and producer who created popular deep-dive audio series exploring the cultural history and legacy of The Office.,The actor beloved by fans for his deadpan performance as chili-spilling accountant Kevin Malone on NBC's The Office.
Creed Bratton,A musician who served as a founding lead guitarist for the popular 1960s folkrock band The before turning to television.,"The performer who played a delightfully bizarre, fictionalized version of himself as quality assurance director Creed on The Office."
Paul Lieberstein,A writer and producer who served as the showrunner for The from 5 through 8 while writing many landmark episodes.,"The multi-hyphenate creator who played soft-spoken, universally despised HR representative Toby Flenderson on The Office."
Andy Buckley,An executive who was working as a reallife financial advisor at while playing a corporate on television.,"The actor best known for playing patient, long-suffering corporate CFO David Wallace on NBC's The Office."
Sam Richardson,A comedic actor who won a for in a for his work.,The hilarious star who played good-natured political aide Richard Splett on Veep and co-created/starred in Detroiters.
Timothy Simons,An actor who worked as a commercial performer and waiter in Los Angeles before landing his breakout role on his very first TV audition.,"The tall character actor who earned widespread critical praise playing obnoxious, sycophantic political liaison Jonah Ryan on HBO's Veep."
Matt Walsh,An improv veteran who is one of the original cofounders of the comedy troupe alongside.,The comedy actor who received two Emmy nominations for playing bumbling presidential press secretary Mike McLintock on Veep.
Reid Scott,An actor who played lead character Brendan 'Brando' Dorff in the TBS professional comedy-drama series My Boys.,The television star known for playing ambitious campaign manager Dan Egan on Veep and late-night host Gordon Ford on The Marvelous Mrs. Maisel.
Gary Cole,An actor who famously improvised the passive-aggressive line 'That'd be great' as soul-crushing boss Bill Lumbergh in Office Space.,"The prolific character actor famous for Office Space, Kent Davison on Veep, and leading the cast of CBS's NCIS."
Kevin Dunn,A veteran character actor who played Shia LaBeouf's protective father Ron in the first three films of Michael Bay's Transformers franchise.,The reliable screen performer who played White House Chief of Staff Ben Cafferty on HBO's political satire Veep.
Tony Hale,A decorated comedic actor who won two for playing devoted personal aide.,The versatile star who played the neurotic mama's boy Buster Bluth on Arrested Development and bag-carrying Gary Walsh on Veep.
Jeffrey Tambor,An actor who earned four Emmy nominations playing arrogant talk show sidekick Hank Kingsley on The Larry Sanders Show.,The veteran star who played identical twin brothers George and Oscar Bluth on Arrested Development and Maura Pfefferman on Transparent.
Michael Cera,A multitalented performer who released a fulllength lofi indie folk solo album titled on in 2014.,"The Canadian actor known for playing awkward, soft-spoken leads in Arrested Development, Superbad, and Scott Pilgrim vs. the World."
Christopher Mintz-Plasse,An actor who had zero professional acting experience when he auditioned for a breakout comedy film using a photo taken on a camera phone.,The pop culture favorite who gained instant fame playing the legendary Hawaiian fake-ID holder 'McLovin' in the 2007 comedy Superbad.
Dave Franco,"An actor who made his feature directorial debut with the 2020 independent horror-thriller film The Rental, starring his wife Alison Brie.","The versatile screen star known for 21 Jump Street, Now You See Me, Neighbors, and directing The Rental."
James Franco,An artist who earned a master's degree in filmmaking from while simultaneously taking writing courses at.,"The actor who played Harry Osborn in Sam Raimi's Spider-Man trilogy, starred in Pineapple Express, and earned an Oscar nod for 127 Hours."
Danny McBride,A creator who cofounded the independent film production company alongside director.,"The mullet-rocking comedy creator and actor who starred in wild HBO series like Eastbound & Down, Vice Principals, and The Righteous Gemstones."
Walton Goggins,A filmmaker who won an Academy Award in 2001 for Best Live Action Short Film as a producer on the short project The Accountant.,"The scene-stealing actor who played Shane Vendrell on The Shield, Boyd Crowder on Justified, Baby Billy on Gemstones, and the Ghoul in Fallout."
Timothy Olyphant,An elite competitive swimmer who reached the finals in the 200-meter individual medley at the 1986.,"The charismatic actor known for playing iconic lawmen including Seth Bullock on Deadwood, Raylan Givens on Justified, and Cobb Vanth in Star Wars."
Ian McShane,A celebrated actor who also voiced the terrifying leopard antagonist in animated blockbuster.,The golden-voiced British star who played foul-mouthed saloon owner Al Swearengen on Deadwood and Winston in the John Wick franchise.
Lance Reddick,A classical musician who earned a Bachelor of Music degree in composition from the Eastman School of Music before attending the Yale School of Drama.,"The actor known for his commanding voice and regal posture as Cedric Daniels on The Wire, Phillip Broyles on Fringe, and Charon in John Wick."
Dominic West,A British television star who portrayed Prince Charles (now King Charles III) in the final two seasons of Netflix's historical drama The Crown.,The actor who famously adopted a gritty Baltimore accent to play Detective Jimmy McNulty on HBO's The Wire and starred in The Affair.
Wendell Pierce,A stage performer who was nominated for a prestigious for playing in a revival of of.,"The New Orleans actor famous for playing Detective Bunk Moreland on The Wire, Antoine Batiste on Treme, and Robert Zane on Suits."
Andre Royo,An actor whose performance on The Wire was so gritty and realistic that a local Baltimore addict once handed him a bag of drugs on set out of pity.,"The talented performer who gave an unforgettable, heartbreaking performance as warm-hearted street informant Bubbles on The Wire."
Wood Harris,An actor who famously played high school football star Julius Campbell in the beloved 2000 sports drama film Remember the Titans.,The screen star famous for playing cool-headed drug kingpin Avon Barksdale on The Wire and boxing trainer Tony 'Little Duke' Evers in Creed.
Isiah Whitlock Jr.,"An actor who developed his signature drawn-out, comedic pronunciation of a certain curse word while working on early Spike Lee films.",The veteran character actor famous for playing corrupt state senator Clay Davis on The Wire and appearing in multiple Spike Lee joint films.
Frankie Faison,One of only two actors to appear in the first four screen adaptations of.,"The veteran actor who played Police Commissioner Ervin Burrell on The Wire, orderly Barney Matthews in Silence of the Lambs, and Sugar in Banshee."
Aidan Gillen,An Irish screen actor who won an Irish Film & Television Award for his performance as ambitious politician Tommy Carcetti on The Wire.,The distinctive actor famous for playing scheming master manipulator Petyr 'Littlefinger' Baelish on HBO's Game of Thrones.
Conleth Hill,A stage actor who maintained a completely shaved head for eight years straight while filming a major fantasy role despite having natural hair.,The Northern Irish star who played calculating royal spymaster Lord Varys ('The Spider') on HBO's blockbuster series Game of Thrones.
Rory McCann,"A rugged performer who worked as a professional timber feller, landscape painter, and bridge builder before embarking on acting.","The towering 6-foot-6 Scottish actor who portrayed the scarred, chicken-loving warrior Sandor 'The Hound' Clegane on Game of Thrones."
Iwan Rheon,A performer who won an for in a for prior to major fame.,The actor and musician who played supernatural youth Simon Bellamy on Misfits and the utterly sadistic villain Ramsay Bolton on Game of Thrones.
Alfie Allen,An actor whose famous pop singer sister Lily Allen wrote an entire song titled 'Alfie' about him on her 2006 debut studio album.,"The British television star who earned an Emmy nomination for his complex, emotionally grueling performance as Theon Greyjoy on Game of Thrones."
John Bradley,A British actor whose very first professional audition right out of drama school successfully landed him a career-defining fantasy role.,"The actor who played the loyal, bookish scholar Samwell Tarly on Game of Thrones and Jack Rooney in Netflix's sci-fi series 3 Body Problem."
Winston Churchill,A cigarsmoking statesman who led a major power through an existential global conflict.,The legendary British Prime Minister whose powerful wartime speeches and defiance against the Axis powers rallied the Allies during World War II.
Guy Fieri,A popular culinary personality known for exploring comfort food across.,"The frosted-tipped Food Network host recognizable by his spiky blonde hair, flame shirts, and signature catchphrases about Flavortown."
Gerard Butler,A rugged international actor who transitioned from legal studies to leading massive cinematic battle scenes.,The Scottish actor famous for roaring 'This is Sparta!' as King Leonidas in 300 and starring in the Has Fallen action series.
Michael Bay,"A high-octane director famous for bringing extreme destruction, explosions, and visual flair to the big screen.","The blockbuster filmmaker behind explosive hits like Armageddon, The Rock, and the live-action Transformers movie franchise."
Michael Jackson,"A global entertainment icon who forever transformed music videos, fashion, and dance choreography.","The legendary 'King of Pop' who released the best-selling album of all time, Thriller, and popularized the moonwalk."
Prince,"An eclectic musical virtuoso who blended rock, funk, and pop with unmatched theatrical flair.",The legendary Minneapolis icon and guitar god who released the masterpiece Purple Rain and dominated 1980s music charts.
Patrick Stewart,A classically trained stage actor who became an iconic commander in space and a powerful mutant leader.,The distinguished British actor famous for commanding the USS Enterprise as Jean-Luc Picard and playing Professor X in the X-Men franchise.
Mahershala Ali,A talented dramatic actor who played collegiate basketball before achieving historic milestones.,"The acclaimed two-time Academy Award-winning actor known for his powerful roles in Moonlight, Green Book, and True Detective."
Tobey Maguire,An American actor who transitioned from indie coming-of-age films to leading a massive early-2000s comic book franchise.,The actor who famously portrayed Peter Parker in Sam Raimi's original Spider-Man trilogy and starred in The Great Gatsby.
Michael Peña,An character actor known for effortlessly balancing gritty dramatic performances with comedic relief.,"The versatile actor who starred in Crash, End of Watch, Netflix's Narcos: Mexico, and played Luis in the Marvel Ant-Man films."
Jesus Christ,A foundational historical and spiritual teacher whose life and ministry altered the course of human history.,"The central figure of Christianity, regarded by billions of believers worldwide as the Son of God and the Savior of humanity."
Socrates,"An influential classical thinker who left no written texts of his own, choosing instead to teach through rigorous questioning.",The foundational Athenian philosopher who laid the bedrock for Western ethics and logic before being condemned to drink hemlock.
Leonardo da Vinci,"The ultimate polymath whose extraordinary curiosity spanned fine art, anatomy, and mechanical engineering.",The brilliant Italian master genius who painted the world-famous Mona Lisa and The Last Supper.
Plato,An ancient philosopher who studied under history's most famous questioner and founded an enduring center of higher education.,The foundational Athenian thinker who wrote influential dialogues like The Republic and established Western philosophy's first Academy.
Aristotle,An ancient polymath who studied under the master of the and went on to tutor a legendary conqueror.,"The monumental classical philosopher whose comprehensive works on logic, biology, and politics shaped Western thought for centuries."
Confucius,"An ancient sage whose philosophy prioritized personal virtue, familial respect, and societal harmony.","The foundational Chinese thinker whose moral teachings and aphorisms, compiled in the Analects, profoundly shaped East Asian civilization."
Karl Marx,A 19thcentury political theorist whose radical critiques of industrial capitalism inspired massive international labor movements.,The German intellectual and co-author of The Communist Manifesto who argued that history is driven by class warfare.
Dante Alighieri,A towering medieval poet whose literary masterpiece immortalized an imaginative journey through the underworld.,"The Florentine master author of Divine Comedy, which shaped the modern Italian language and vividly mapped out Hell, Purgatory, and Heaven."
Homer,A legendary blind ancient bard credited with crafting the absolute foundational epics of storytelling.,The ancient Greek poet traditionally credited with composing the epic tales of the Trojan War and Odysseus's voyage home in The Iliad and The Odyssey.
John Locke,An thinker whose theories on human understanding and natural rights laid the bedrock for modern democratic governance.,The influential philosopher often called the 'Father of Liberalism' whose writings directly inspired the American Declaration of Independence.
Voltaire,A sharpwitted writer who fiercely deployed biting satire to champion civil liberties and free speech.,The prominent French philosopher and author of the classic satirical novella Candide who relentlessly challenged religious fanaticism and absolute monarchy.
Immanuel Kant,"A towering philosopher who revolutionized epistemology, ethics, and metaphysics.",The influential Königsberg thinker famous for his categorical imperative and foundational work Critique of Pure Reason.
Hayao Miyazaki,A legendary animation master known for crafting handdrawn fantasy masterpieces with breathtaking environmental themes.,"The co-founder of Studio Ghibli who directed beloved animated classics like Spirited Away, My Neighbor Totoro, and The Boy and the Heron."
Hidetaka Miyazaki,"A visionary modern game director famous for creating famously challenging, atmospheric dark fantasy virtual worlds.","The president of FromSoftware who masterminded the Dark Souls trilogy, Bloodborne, Sekiro, and Elden Ring."
Salvador Dalí,"An eccentric artist famous for his flamboyant persona, trademark waxed mustache, and dreamlike dreamscapes.",The premier pioneer of Surrealism who painted the iconic melting clocks in The Persistence of Memory.
Ludwig,A prominent digital entertainment creator and podcaster who transitioned from major streaming platforms to independent media ventures.,"The popular online streamer and entrepreneur famous for his historic subathon, competitive gaming roots, and co-founding Offbrand Productions."
Michael Reeves,"A chaotic internet personality known for engineering hilariously dysfunctional, dangerous, and absurd electronic robots.","The deadpan Filipino-American YouTube creator infamous for building taser-shooting roombas, screaming at code, and joining OfflineTV."
Linus Sebastian,A long-running digital media entrepreneur who built a massive media empire focused on computer hardware and tech reviews.,The founder of Linus Media Group and charismatic host of Linus Tech Tips recognizable by his signature colorful socks.
Marques Brownlee,A polished technology reviewer who has spent over a decade producing highproductionvalue gadget overviews online.,"The influential creator behind the channel MKBHD, known for his sleek tech reviews, deep studio voice, and professional ultimate frisbee career."
PewDiePie,A pioneering internet personality who spent years as the mostsubscribed independent creator on a major video platform.,"Felix Kjellberg, the online phenomenon known as PewDiePie who dominated early Let's Play gaming culture and meme commentary."
Mark Fischbach,A deeply resonant-voiced American digital creator famous for energetic gaming walkthroughs and interactive cinematic projects.,"Markiplier, the popular internet personality known for his horror game let's plays, charitable livestreams, and In Space with Markiplier."
Daniel Day-Lewis,A famously selective cinematic virtuoso known for legendary method acting depth and winning three.,"The acclaimed British-Irish master performer who starred in There Will Be Blood, Lincoln, and My Left Foot."
Anthony Hopkins,"A legendary screen icon renowned for his chilling gravitas, classical piano composition, and prolific career.",The distinguished actor who won Oscars for playing cannibalistic serial killer Hannibal Lecter in The Silence of the Lambs and a man with dementia in The Father.
Philip Seymour Hoffman,A powerhouse character actor capable of elevating any cinematic drama with visceral psychological realism.,"The brilliant Academy Award-winning star of Capote, The Master, Boogie Nights, and Doubt."
Tom Cruise,An iconic superstar famed for performing his own deathdefying practical stunts in massive blockbusters.,"The leading man behind Top Gun, Jerry Maguire, and the relentless agent Ethan Hunt in the Mission: Impossible franchise."
Javier Bardem,A magnetic cinematic heavyweight celebrated for playing terrifying villains and passionate romantic leads.,The Oscar-winning actor who played the haunting captive-bolt pistol killer in No Country for Old Men and starred in Dune.
Christian Bale,"A cinematic chameleon famous for undergoing extreme, drastic physical body transformations for demanding dramatic roles.","The British actor who won an Oscar for The Fighter, dropped an ungodly amount of weight for The Machinist, and starred as Batman in Christopher Nolan's trilogy."
Heath Ledger,A tragically shortlived actor whose magnetic screen presence culminated in a groundbreaking posthumous win.,"The star of Brokeback Mountain who delivered an unforgettable, chaotic, and iconic performance as the Joker in The Dark Knight."
Ben Kingsley,A distinguished stage and screen actor of mixed heritage known for transforming effortlessly into historical and dramatic figures.,The Academy Award-winning actor who delivered a career-defining performance as Mahatma Gandhi in Richard Attenborough's 1982 epic.
Edward Norton,"An intense actor who burst onto the scene with a string of brilliant, complex psychological performances.","The multi-Oscar-nominated star of Primal Fear, American History X, Fight Club, and Birdman."
Tom Hardy,"A muscular actor known for his intense intensity, varied accents, and memorable facemasked roles.","The star who played Bane in *The Dark Knight Rises*, Max Rockatansky in *Mad Max: Fury Road*, and Eddie Brock in *Venom*."
Michael Caine,A legendary cinematic icon instantly recognizable by his distinct accent and iconic career spanning decades.,"The two-time Oscar-winning actor who starred in *The Italian Job*, *Alfie*, and served as Batman's butler Alfred in Christopher Nolan's trilogy."
Robert Downey Jr.,A charismatic superstar who staged one of the most famous career comebacks in film history by launching a multibilliondollar superhero franchise.,The Oscar-winning actor who played Tony Stark / Iron Man in the Marvel Cinematic Universe and starred in *Oppenheimer* and *Sherlock Holmes*.
Ralph Fiennes,A distinguished stage and screen actor celebrated for playing chilling villains and complex dramatic leads.,"The talented actor known for playing Amon Göth in *Schindler's List*, Voldemort in *Harry Potter*, and M in the James Bond franchise."
Sam Rockwell,"An energetic character actor known for his slick dance moves, quirky charm, and versatile performances.","The Oscar-winning actor who starred in *Moon*, *Three Billboards Outside Ebbing, Missouri*, and played Justin Hammer in *Iron Man 2*."
Ryan Gosling,A smooth leading man who transitioned from childhood television to critically acclaimed romantic and dramatic cinema.,"The star of *The Notebook*, *La La Land*, *Blade Runner 2049*, and the viral Ken in Greta Gerwig's *Barbie*."
Forest Whitaker,A powerhouse dramatic actor recognizable by his soulful demeanor and immersive character transformations.,"The Academy Award-winning star of *The Last King of Scotland*, *Ghost Dog*, and Saw Gerrera in *Rogue One: A Star Wars Story*."
Kevin Spacey,A celebrated dramatic actor whose acclaimed career later became overshadowed by major professional controversies.,"The two-time Oscar-winning star of *The Usual Suspects*, *American Beauty*, and Netflix's political drama *House of Cards*."
Ansel Elgort,An American actor and electronic music producer who broke out in young adult blockbusters and musical adaptations.,"The star of *The Fault in Our Stars*, Edgar Wright's *Baby Driver*, and Tony in Steven Spielberg's *West Side Story*."
Robert Duvall,A legendary veteran actor who defined some of the most memorable mobster and military roles in cinema history.,"The Academy Award-winning star of *The Godfather* films, *Apocalypse Now*, and *Tender Mercies*."
Joaquin Phoenix,"An intensely committed method actor known for portraying troubled, eccentric, and psychologically complex characters.","The Oscar-winning star of *Gladiator*, *Walk the Line*, *Her*, and his transformative role as the title character in *Joker*."
Gary Oldman,"A legendary cinematic chameleon famous for disappearing completely into diverse, eccentric, and historical roles.","The Oscar-winning star of *Darkest Hour* (as Winston Churchill), Commissioner Gordon in Nolan's *Batman* trilogy, and Sirius Black in *Harry Potter*."
Benicio del Toro,"A magnetic actor known for his distinct gravelly voice, heavylidded gaze, and intense cinematic presence.","The Oscar-winning star of *Traffic*, *The Usual Suspects*, *Sicario*, and the Collector in the Marvel Cinematic Universe."
Gene Hackman,"A retired cinematic legend who brought immense grit, authority, and realism to films throughout the late 20th century.","The two-time Academy Award-winning star of *The French Connection*, *Unforgiven*, and Lex Luthor in *Superman*."
Tim Roth,A distinctive character actor frequently cast in edgy independent crime dramas and films.,"The star of *Reservoir Dogs*, *Pulp Fiction*, *Rob Roy*, and Emil Blonsky (Abomination) in the Marvel Cinematic Universe."
Sean Penn,"A celebrated and politically outspoken actor and filmmaker known for volatile, intense dramatic performances.","The two-time Oscar-winning star of *Mystic River* and *Milk*, who also directed *Into the Wild*."
Tommy Lee Jones,"A deadpan, gravelvoiced actor famous for playing uncompromising lawmen, military officers, and tough authorities.","The Oscar-winning star of *The Fugitive*, *Men in Black*, *No Country for Old Men*, and *Lonesome Dove*."
Ian McKellen,A legendary stage and screen icon beloved globally for portraying fantasy wizards and comic book mutants.,The distinguished actor famous for playing Gandalf in *The Lord of the Rings* and Magneto in the *X-Men* franchise.
Don Cheadle,A versatile actor who brings fierce intelligence and poise to highprofile dramas and superhero franchises alike.,The Oscar-nominated star of *Hotel Rwanda* and James Rhodes (War Machine) in the Marvel Cinematic Universe.
Colin Farrell,A charismatic leading man who evolved from early heartthrob status into an acclaimed prestige character actor.,"The star of *The Banshees of Inisherin*, *The Lobster*, *The Batman* (as the Penguin), and *In Bruges*."
Johnny Depp,"An iconic movie star renowned for collaborating with and playing eccentric, heavily disguised characters.","The superstar actor famous for playing Captain Jack Sparrow in *Pirates of the Caribbean*, Edward Scissorhands, and Willy Wonka."
Stephen Rea,"A distinguished stage and screen actor celebrated for understated, weary dramatic performances.","The Oscar-nominated star of Neil Jordan's *The Crying Game*, *V for Vendetta*, and *Interview with the Vampire*."
Ray Winstone,"A toughtalking actor famous for playing gangsters, hardmen, and gritty authority figures.","The star of *Sexy Beast*, *The Departed*, *Noah*, and Winston Dreykov in Marvel's *Black Widow*."
William H. Macy,"A beloved character actor famous for playing anxious, downontheirluck ordinary men in indie and mainstream classics.","The Oscar-nominated star of *Fargo*, *Boogie Nights*, *Jurassic Park III*, and patriarch Frank Gallagher on the TV show *Shameless*."
Adrien Brody,An expressive actor who achieved historic success at a very young age for playing a musician in crisis.,"The youngest-ever winner of the Best Actor Oscar for *The Pianist*, known also for his frequent collaborations with Wes Anderson."
Michael Gambon,A prolific and treasured Irish-British stage and screen legend affectionately known to generations as 'The Great Gambon'.,The distinguished actor who took over the role of Professor Albus Dumbledore starting from the third *Harry Potter* film.
Brendan Gleeson,A beloved character actor and former schoolteacher known for his booming voice and commanding screen presence.,"The star of *In Bruges*, *The Guard*, *The Banshees of Inisherin*, and Mad-Eye Moody in the *Harry Potter* series."
Daniel Radcliffe,A British actor who grew up globally famous before taking on eccentric independent films and celebrated stage roles.,The actor who spent a decade starring as the boy wizard Harry Potter in the iconic fantasy film franchise.
Rupert Grint,A British actor who achieved worldwide fame as a teenager before transitioning to television drama and thriller projects.,The red-headed actor best known for playing loyal best friend Ron Weasley in all eight *Harry Potter* films.
Mark Ruffalo,"An earnest actor known for heartfelt romantic comedies, gritty indie dramas, and blockbuster superhero roles.","The Oscar-nominated star of *Spotlight*, *Begin Again*, and Bruce Banner / The Hulk in the Marvel Cinematic Universe."
Matt Damon,A major movie star who broke out by cowriting and starring in an acclaimed -set drama.,"The Oscar-winning co-writer of *Good Will Hunting*, star of the *Bourne* action franchise, and stranded astronaut in *The Martian*."
Val Kilmer,A chameleonlike 1980s and 90s heartthrob famous for playing legendary historical and fictional icons.,"The star of *Top Gun*, *Tombstone* (as Doc Holliday), *Batman Forever*, and *The Doors*."
Nicolas Cage,"A wildly prolific movie star known for his hyperenergetic acting style, eclectic project choices, and cult following.","The Oscar-winning star of *Leaving Las Vegas*, *The Rock*, *Con Air*, and *National Treasure*."
Kevin Costner,"A quintessential leading man famous for epic baseball dramas, and sprawling television hits.","The Oscar-winning director and star of *Dances with Wolves*, *Field of Dreams*, *The Bodyguard*, and *Yellowstone*."
Brennan Lee Mulligan,A rapidfire comedic improviser and tabletop gaming host known for narrative campaigns and sharp wit.,The principal Dungeon Master for Dropout's *Dimension 20* and a key cast member of *Critical Role* spin-offs.
Sam Reich,A digital media executive and comedian who resurrected a beloved comedy platform into an independent streaming success.,The CEO of Dropout (formerly CollegeHumor) and host of the hit game show *Make Some Noise*.
Matt Mercer,A prolific voice actor and tabletop gaming icon who leads a massively popular livestreamed campaign.,"The co-founder and Dungeon Master of *Critical Role*, and voice of McCree/Cassidy in *Overwatch* and Levi in *Attack on Titan*."
Nikola Jokic,"A basketball superstar known for his unmatched court vision, passing wizardry, and unassuming demeanor off the court.",The multi-time NBA MVP and Finals MVP center who led the Denver Nuggets to their first championship.
Michael Schumacher,A legendary racing driver who dominated throughout the late 1990s and early 2000s.,The joint-record seven-time F1 World Drivers' Champion whose dominant era with Scuderia Ferrari became iconic.
Mike Trout,A generational baseball talent widely regarded as one of the most complete players in the history of the sport.,The multi-time American League MVP center fielder who has spent his entire career with the Los Angeles Angels.
Kevin Durant,"An elite, unstoppable scoring forward known for his unguardable jump shot and slender frame.","The multi-time NBA champion, Finals MVP, and prolific Olympic gold medalist known as 'KD'."
Thierry Henry,"An elegant football legend famous for his blistering pace, clinical finishing, and incredible flair.",Arsenal's all-time leading goalscorer and World Cup winner who terrorized defenses across Europe.
Mariano Rivera,"A legendary relief pitcher who mastered a single, devastating pitch to become the most feared closer in baseball history.",The unanimous Hall of Fame closer who won five World Series titles anchoring the New York Yankees bullpen.
Franklin Delano Roosevelt,A historical leader elected to an unprecedented number of terms during a period of global and domestic crisis.,The 32nd U.S. President who guided the nation through the Great Depression and World War II while managing his physical disability from his wheelchair.
Leonardo DiCaprio,A famous leading man and environmental activist who transitioned from teen heartthrob status to working with premier auteurs.,"The Oscar-winning actor who starred in *Titanic*, *Inception*, *The Wolf of Wall Street*, and *The Revenant*."
Robert Pattinson,A British actor who achieved global teen idol status in a major fantasy romance franchise before pivoting to acclaimed indie and blockbuster cinema.,"The star who played Cedric Diggory in *Harry Potter*, vampire Edward Cullen in *Twilight*, and the Dark Knight in *The Batman*."
Anthony Bourdain,"A witty, globetrotting chef and storyteller who used food and travel to explore different cultures with unflinching honesty.",The celebrated author of *Kitchen Confidential* and host of acclaimed culinary travel shows like *No Reservations* and *Parts Unknown*.
Alan Ritchson,"A large-framed American actor who built a career playing superheroes, sci-fi soldiers, and towering law enforcement leads.","The star who played Aquaman in *Smallville*, Gloss in *The Hunger Games: Catching Fire*, and the massive title military drifter in Amazon's *Reacher*."
Derrick Rose,An explosive Chicago-born basketball star who captivated the sports world with his breathtaking speed and athleticism before overcoming severe injuries.,The dynamic point guard who became the youngest player in NBA history to win the regular-season Most Valuable Player award while playing for his hometown team.
Bill Russell,A legendary defensive titan and pioneer who anchored one of the most prolific championship dynasties in professional sports history.,The iconic Boston Celtics center who won an unmatched 11 NBA championships and later became the league's first Black head coach.
Tim Lincecum,"A famously unorthodox, slenderframed pitcher whose electric velocity and deceptive delivery earned him a legendary nickname.",The multi-time Cy Young Award-winning ace known as 'The Freak' who helped lead the San Francisco Giants to multiple World Series titles.
Charlie Parker,A legendary jazz virtuoso whose blazing speed and revolutionary harmonic innovations helped invent modern bebop.,The brilliant alto saxophonist nicknamed 'Bird' whose virtuosic improvisations shaped the foundation of modern jazz history.
Muddy Waters,A towering pioneer of electric blues whose powerful voice and slide guitar style heavily influenced modern rock and roll.,The legendary Chicago blues icon known for classic Chess Records tracks like 'Hoochie Coochie Man' and 'Mannish Boy'.
Joe Walsh,"A celebrated rock guitarist known for his wicked slide technique, quirky sense of humor, and membership in legendary bands.",The iconic lead guitarist and vocalist for the Eagles who also recorded classic solo hits like 'Life's Been Good'.
Miles Davis,An iconic trumpeter and bandleader who continually pioneered shifting eras and stylistic movements in jazz history.,"The legendary jazz innovator behind landmark albums like *Kind of Blue* and *Bitches Brew*, known for his muted trumpet sound."
John Coltrane,A profoundly spiritual saxophonist whose intense improvisational exploration expanded the boundaries of modal and avantgarde music.,The legendary tenor and soprano saxophonist known for his virtuosic sheets of sound and the spiritual masterpiece *A Love Supreme*.
Louis Armstrong,"A foundational music pioneer whose charismatic stage presence, trumpet mastery, and gravelly vocals popularized jazz worldwide.",The legendary New Orleans trumpeter and vocalist affectionately known as 'Satchmo' who helped shape jazz into a global solo art form.
Duke Ellington,A prolific composer and pianist who led one of the most famous and enduring big bands in musical history.,The legendary bandleader who wrote thousands of jazz compositions and performed at the Cotton Club during the Harlem Renaissance.
Thelonious Monk,"An eccentric jazz pianist and composer known for his unique improvisational style, dissonant chord strikes, and fedoras.",The legendary bebop architect and composer of jazz standards like ''Round Midnight' and 'Blue Monk'.
Jim Morrison,A charismatic frontman whose voice and stage presence transformed popular music and poetry into a single mythic persona.,The rebellious American singer who fronted a legendary rock band and became immortalized for songs like 'Light My Fire' and 'The End'.
John Travolta,A film legend known for iconic dance scenes and a charismatic screen presence that helped define multiple eras of popular entertainment.,"The American actor famous for Grease, Pulp Fiction, and a memorable turn as a smooth-talking pilot from the 1970s to the 1990s."
Quentin Tarantino,"A filmmaker celebrated for hyperstylized dialogue, nonlinear storytelling, and a deep affection for genre cinema.","The American director behind Pulp Fiction, Reservoir Dogs, Kill Bill, and a set of films famous for pop-culture references and sharp monologues."
Stellan Skarsgård,"A towering performer known for dramatic intensity and a long-running career spanning arthouse cinema, fantasy blockbusters, and prestige television.",The Swedish actor who played a fatherly giant in a fantasy epic and a menacing intelligence chief in a major space franchise.
Jay Kay,"A singer and producer who became a global star by blending jazz, funk, and electronic grooves into a polished pop sound.","The frontman of a British band famous for the hits 'Too Close', 'Always on the Radio', and a signature white tuxedo look."
Kevin Parker,"An artist who writes, records, and produces nearly all of his material in a highly selfsufficient studio setup.","The creative force behind a psychedelic rock project known for albums like InnerSpeaker, Lonerism, and Currents."
Ben Affleck,A leading man who reinvented himself as both a beloved movie star and an acclaimed director.,"The American actor and filmmaker famous for Good Will Hunting, Argo, and Batman in the DC universe."
Timothée Chalamet,A young star whose fame has grown through prestige films and major mainstream pop-culture moments.,"The American actor and singer known for Dune, Wonka, and a constantly discussed celebrity profile."
Eddie Murphy,A comedy powerhouse whose evolution from stand-up to blockbuster stardom made him a defining entertainer.,"The American comedian and actor known for Beverly Hills Cop, Coming to America, and animated hits."
Jason Momoa,A physically imposing actor whose screen image often blends action hero energy with a rugged outdoorsy vibe.,"The star of Aquaman, Game of Thrones, and a string of intense fantasy and action films."
Chris Hemsworth,A towering star with a screen image tied to mythic heroism and blockbuster spectacle.,The actor known for playing Thor and a long list of action epics and franchise roles.
Kanye West,"A boundarypushing artist whose career moves between music, fashion, and culturelevel public attention.","The rapper and producer known for hit albums, fashion, and major public visibility beyond music."
Drake,"A highly visible global music star whose style and public image combined rap, and culture.",The Canadian rapper and singer famous for hits like God's Plan and a huge entertainment profile.
Sean Combs,A businessman and artist whose influence extended from musicmaking into fashion and media empires.,The music mogul known as Puff Daddy whose brand helped define 1990s and 2000s celebrity culture.
Floyd Mayweather,A defensive master in the ring who built a reputation for precision and championshiplevel confidence.,The undefeated boxing champion and major sports celebrity known for his brilliant defense and wealth.
Elon Musk,A tech billionaire with a large public profile built on highrisk ventures and broader cultural visibility.,The billionaire founder of Tesla and SpaceX who became one of the most recognizable business figures in the world.
Bill Gates,A software pioneer whose wealth and philanthropy made him one of the most visible tech leaders.,"The co-founder of Microsoft and longtime public figure in software, business, and global giving."
Mark Zuckerberg,A young tech founder whose platform transformed social media into a global public square.,The Facebook co-founder and longtime CEO behind one of the most influential digital companies.
Jeff Bezos,A retail and logistics entrepreneur whose company reshaped global commerce and online shopping.,The founder of Amazon who became one of the most prominent tech billionaires in the world.
Tim Cook,A corporate leader who took over one of the world's most iconic consumer electronics companies.,The CEO of Apple and one of the best-known technology executives in the United States.
Dave Bautista,A former wrestling superstar whose physicality and humor made him a natural fit for blockbuster action roles.,The actor known for Guardians of the Galaxy and a successful transition from wrestling to Hollywood.
Russell Crowe,A powerful actor whose physical and dramatic range made him a fixture in prestige cinema.,"The Australian actor known for Gladiator, A Beautiful Mind, and major historical dramas."
Vin Diesel,"A tough, gravellyvoiced star whose cinematic persona became famous for intense action roles.",The American actor known for the Fast & Furious franchise and a major action-screen presence.
Arnold Schwarzenegger,"A global action icon whose fame was built on physicality, charisma, and a largerthanlife public persona.","The Austrian-born film star famous for The Terminator, Predator, and a career crossing Hollywood and politics."
Chris Evans,A broadappeal actor whose heroic image became central to modern franchise cinema.,The star of Captain America and the Marvel Cinematic Universe with a massive mainstream following.
Benedict Cumberbatch,A actor whose magnetism and subtle intensity made him a fixture in prestige television and film.,"The actor famous for Sherlock, The Imitation Game, and key roles in major franchise projects."
Alec Baldwin,A celebrated performer whose comic timing and leadingman energy gave him huge visibility.,"The actor known for 30 Rock, Mission: Impossible, and a large body of screen work."
Steve Buscemi,A beloved performer whose face and voice became instantly recognizable in both comedy and prestige film.,"The star of Fargo, The Big Lebowski, and a long run of quirky screen roles with a deadpan delivery."
Hugh Grant,A screen icon whose charm and awkwardness made him a mainstay of romantic comedy and prestige drama.,"The actor famous for Four Weddings and a Funeral, Notting Hill, and his very recognizable English charm."
Michael Fassbender,"A chiseled screen presence who moves between prestige dramas, intense thrillers, and franchise cinema.","The actor known for 12 Years a Slave, Steve Jobs, and roles in the X-Men films."
Elijah Wood,A young film star whose fame grew through fantasy adventure and later matured into indie and genre work.,The actor known for The Lord of the Rings and a variety of beloved voice and character roles.
Jake Gyllenhaal,"A prominent leading man who balances prestige dramas, thrillers, and major studio films.","The actor from Donnie Darko, Nightcrawler, and The Social Network who has a strong leading-man profile."
Shia LaBeouf,A youthful screen star whose fame was boosted by blockbuster roles and a very public media profile.,"The actor known for Transformers, Disturbia, and the chaotic intensity of his public image."
Billy Bob Thornton,"A tanandintense screen personality whose work pulls from indie cinema, dark comedy, and character acting.","The actor and filmmaker behind Sling Blade, Bad Santa, and many acclaimed character roles."
David Oyelowo,"A actor whose work blends prestige drama, historical films, and strong screen presence.","The actor known for Selma, Queen of Katwe, and a range of acclaimed dramatic roles."
Christian Slater,"A magnetic actor whose acting persona often mixes danger, wit, and restless energy.","The star of Heathers, Mr. Robot, and a long list of cult films and prestige TV roles."
Thomas Haden Church,A character actor with a distinctive face and a knack for dry humor and emotional detail.,"The actor known for Sideways, Spider-Man 3, and his comedic presence on television."
Dax Shepard,A comedic performer with an easygoing screen persona and a strong connection to modern comedy culture.,"The actor, writer, and comedian known for Parenthood, CHiPs, and his podcast- and comedy-driven fame."
Rob Riggle,"A former sports commentator turned comedic actor known for a loud, physical style of humor.","The comedic actor and former football announcer behind The Hangover, 21 Jump Street, and major comedy films."
Kevin Bacon,A classic leading man whose name became shorthand for a certain kind of cinematic cool.,"The actor of Footloose, Mystic River, and the enduring Six Degrees of Kevin Bacon meme."
Josh Brolin,"A rugged actor whose face and performances are often tied to intense, nononsense roles.","The star of No Country for Old Men, Avengers, and many tense character-driven films."
Keegan-Michael Key,"A comic performer famous for precision comedy, unusually expressive timing, and cultural recognition.",The comedian and actor known for Key & Peele and a string of major comedy projects.
Jordan Peele,"A creative force whose work mixes satire, horror, and cultural commentary in highly recognizable ways.","The writer-director behind Get Out, Us, and a major influence on modern horror-comedy."
Anthony Mackie,A charismatic leading man whose screen image is deeply tied to the modern superhero era.,The actor known for Falcon and the Winter Soldier and many strength-driven action roles.
John Boyega,A British actor who moved from cult science-fiction films into one of Hollywood's biggest space franchises.,The actor from Star Wars and Attack the Block who brought a determined former stormtrooper to life in a major space saga.
Taron Egerton,A actor with a wide screen range and a strong crossover between musical and action roles.,"The actor behind Rocketman, Kingsman, and a growing profile in major studio films."
Jesse Eisenberg,A cerebral actor known for sharp dialogue and a mix of smart comedy and dramatic intensity.,"The actor from The Social Network, Zombieland, and a range of prestige and indie films."
Noah Centineo,A modern teen heartthrob whose fame is tied to highschool romance and onlineera celebrity culture.,The actor known for To All the Boys I've Loved Before and a major youth-culture following.
Pete Davidson,A stand-up comic whose celebrity profile has been shaped by edgy humor and a highly visible public persona.,The Saturday Night Live alum and actor known for comedy and relationship-era headlines.
Charlie Day,"A goofy, highenergy actor and writer whose humor built a strong cult following through television and film.",The star of It's Always Sunny in Philadelphia and a range of new-school comedy roles.
Mads Mikkelsen,A screen star whose intensity has made him one of the defining modern villains and dramatic leads.,"The actor famous for Hannibal, Rogue One, and his chilling turn in a cult prestige film trilogy."
Liam Neeson,An iconic screen presence whose dramatic earnestness and actionstar persona made him hugely recognizable.,"The actor known for Taken, Schindler's List, and a long stretch as a major action hero."
John Malkovich,"A scenestealing actor known for unusual intensity, strange charm, and memorable, distinct onscreen presence.","The actor of In the Line of Fire, Being John Malkovich, and many memorable eccentric roles."
Kiefer Sutherland,A hardedged performer whose roles often combine cool confidence and emotional volatility.,"The actor known for 24, Stand by Me, and a long run in screen and television prestige roles."
Billy Crudup,"A serious actor whose performances are often defined by intensity, precision, and quiet authority.","The actor known for Almost Famous, Spotlight, and a number of acclaimed dramatic roles."
James Corden,A British comedian and presenter whose U.S. television career grew through late-night interviews and musical comedy segments.,The former host of The Late Late Show known for Carpool Karaoke and a major role in the musical comedy The Prom.
John C. Reilly,"A broadranging actor with a distinct, expressive face and a long record of memorable performances.","The actor from Step Brothers, Chicago, and a slew of eccentric, character-driven film turns."
Eric Bana,An actor whose leadingman profile includes both intense drama and crowdpleasing action.,"The actor known for Hulk, The Time Traveler's Wife, and a memorable role in a major historical thriller."
Paul Giamatti,A highly respected actor whose weighty performances and expressive face made him a favorite of prestige cinema.,"The actor from Sideways, Billions, and a string of character-rich dramatic roles."
Tom Selleck,A charismatic actor whose screen image is also tied to classic television and a broad sense of authority.,"The actor known for Magnum, P.I., Blue Bloods, and a broad, iconic TV legacy."
Richard Gere,"A suave leading man known for his silver hair, charming smile, and romantic film roles opposite a red-headed co-star.","The actor known for Pretty Woman, An Officer and a Gentleman, and Chicago."
John Goodman,"A large-framed, deep-voiced actor loved for playing boisterous fathers, eccentric bowling partners, and animated monsters.","The actor known for Roseanne, The Big Lebowski, and Monsters, Inc."
Patrick Dempsey,A charming actor with a signature haircut who became a major heartthrob playing a brilliant hospital surgeon before becoming a real-life sports car racer.,"The actor known for Grey's Anatomy, Enchanted, and the nickname McDreamy."
Mickey Rourke,A heartthrob leading man of the 1980s who left acting to pursue professional boxing before making a dramatic comeback as an aging wrestler.,"The actor known for 9 1/2 Weeks, The Wrestler, and distinctive boxing-film roles."
Peter Dinklage,"An actor born with achondroplasia who won four prime-time television awards for playing a wily, wine-loving nobleman.",The actor known for playing Tyrion Lannister in Game of Thrones and starring in Cyrano.
Diedrich Bader,A towering comedic actor with a booming voice who played a dim-witted neighbor in a long-running sitcom and voiced a famous masked superhero.,"The actor and voice performer known for Office Space, The Drew Carey Show, and animated comedies."
Seth Green,A short comedic actor and animator who played a werewolf in a supernatural teen show and created a stop-motion sketch series.,"The actor and producer known for Austin Powers, Robot Chicken, and Buffy the Vampire Slayer."
Joel McHale,"A tall, quick-witted comedian who hosted a popular pop-culture clip show before starring as a sarcastic lawyer in community college.","The comedian and actor known for Community, The Soup, and hosting pop-culture television."
Benicio Del Toro,"A magnetic actor known for his heavy-lidded eyes, gravelly voice, and playing intense police officers and cartel figures.","The Oscar-winning actor known for Traffic, Sicario, and The Usual Suspects."
Willem Dafoe,"An actor with a striking, highly expressive face and gravelly voice famous for playing unhinged villains and intense dramatic leads.","The actor known for Platoon, Spider-Man, The Lighthouse, and striking character work."
Peter Sarsgaard,"A versatile character actor known for playing quiet, sinister, or complex figures in prestige dramas and comic adaptations.","The actor known for Boys Don't Cry, An Education, and The Batman."
Ryan Phillippe,A blonde heartthrob who rose to fame in late 1990s teen thrillers and romantic dramas as a manipulative aristocratic student.,"The actor known for Cruel Intentions, I Know What You Did Last Summer, and Flags of Our Fathers."
Simon Pegg,A comedic writer and actor known for his collaborations with a close director friend on genre spoof comedies and playing space engineers.,"The actor and writer known for Shaun of the Dead, Hot Fuzz, and the Star Trek films."
Ben Barnes,"A handsome actor who broke out playing a heroic prince in a fantasy realm before starring as dark, brooding villains on television.","The actor known for The Chronicles of Narnia, Shadow and Bone, and Westworld."
Max Greenfield,"A comedic actor famous for playing a metrosexual, fountain-loving roommate in a hit ensemble apartment sitcom.","The actor known for New Girl, Veronica Mars, and his comic television roles."
Jason Clarke,"A tough-looking character actor who frequently plays military commanders, astronauts, and real-life political figures in historical dramas.","The actor known for Zero Dark Thirty, Mudbound, and Dawn of the Planet of the Apes."
Bobby Cannavale,"A charismatic, booming-voiced character actor known for playing hot-tempered mobsters, police officers, and romantic partners in television and film.","The actor known for Boardwalk Empire, Will & Grace, and The Irishman."
Josh Gad,"A high-energy musical theater star and comedian known for voicing a cheerful, warm-hugs-loving snowman in an animated mega-hit.","The actor and voice performer known for Frozen's Olaf, The Book of Mormon, and Avenue 5."
Joel Edgerton,"A rugged actor and director known for playing intense combat sports fighters, historical figures, and space mentors.","The actor and filmmaker known for Loving, The Great Gatsby, and Warrior."
Ron Livingston,An actor famous for playing an unmotivated office worker who undergoes hypnosis and stops caring about his job.,"The actor known for Office Space, Band of Brothers, and The Conjuring."
Tim Robbins,A tall actor and director who starred as an innocent banker framed for murder who escapes prison through a tunnel.,"The Oscar-winning actor known for The Shawshank Redemption, Mystic River, and Bull Durham."
Joe Manganiello,"A tall, heavily muscled actor who played a werewolf on a supernatural cable drama and a male entertainer in a hit film franchise.","The actor known for True Blood, Magic Mike, and his role as Deathstroke."
Michael Rooker,A tough character actor with a gravelly drawl known for playing a blue-skinned space scavenger with a lethal flying arrow.,"The actor known for Henry: Portrait of a Serial Killer, The Walking Dead, and Guardians of the Galaxy."
J.K. Simmons,"An actor known for his booming authority voice, playing an abusive music instructor, a loud newspaper editor, and insurance commercials.","The Oscar-winning actor known for Whiplash, Spider-Man's J. Jonah Jameson, and Farmers Insurance ads."
David Koechner,"A boisterous comedic actor recognizable by his cowboy hat and loud delivery, famous for playing sports anchors and traveling salesmen.","The comic actor known for Anchorman, The Office, and his loud character performances."
Brendan Fraser,A beloved action-comedy leading man of the late 1990s who battled ancient mummies before making a critically acclaimed comeback as a reclusive professor.,"The actor known for The Mummy, George of the Jungle, and his Oscar-winning comeback in The Whale."
Scott Eastwood,A handsome actor who looks uncannily like his legendary filmmaker father and has starred in romantic dramas and action blockbusters.,"The actor known for The Longest Ride, Suicide Squad, and a famous Hollywood family connection."
Glen Powell,"A charismatic, white-toothed leading man who broke out playing a cocky naval aviator and starring in hit romantic comedies.","The actor known for Top Gun: Maverick, Anyone But You, and Hit Man."
Sam Elliott,"A veteran actor famous for his thick mustache, deep drawling voice, and playing wise cowboys and narrators.","The actor known for his unmistakable mustache and voice in The Big Lebowski, Tombstone, and 1883."
Alan Tudyk,"A versatile character actor and voice performer known for playing a heroic spaceship pilot, a quirky pirate, and an alien disguised as a doctor.","The actor and voice performer known for Firefly, Rogue One, and a huge animated-character repertoire."
Liam Hemsworth,A handsome leading man who played a brave hunter fighting in a televised battle royale franchise alongside his famous actor brother.,"The actor known for The Hunger Games, Independence Day: Resurgence, and Australian screen stardom."
Wes Bentley,An actor who broke out as a plastic-bag-filming teenager before playing a game maker with an elaborate beard and a troubled attorney son.,"The actor known for American Beauty, Yellowstone, and intense supporting roles."
Aidan Turner,A handsome actor who played a romantic heroic dwarf with a dark beard in a fantasy trilogy and a dark-haired coastal captain in a historical drama.,"The actor known for Poldark, The Hobbit trilogy, and Being Human."
Jesse Plemons,"A versatile character actor who often plays quiet, polite, yet deeply unnerving or methodical characters across television and prestige cinema.","The actor known for Friday Night Lights, Fargo, Breaking Bad, and The Power of the Dog."
Joseph Gordon-Levitt,"A former child actor who grew into a leading man, starring in mind-bending dream thrillers, romantic comedies, and biographical dramas.","The actor known for 3rd Rock from the Sun, Inception, and 500 Days of Summer."
Adam Brody,"A quick-witted actor who became a 2000s pop-culture icon playing a sarcastic, comic-book-obsessed high schooler in a coastal teen drama.","The actor known for The O.C., Shazam!, and Gilmore Girls."
Ewan McGregor,"A versatile lead who played a legendary space master with a blue laser sword, a heroin addict, and a romantic poet in a musical.","The actor known for Trainspotting, Moulin Rouge!, and Obi-Wan Kenobi."
Josh Hartnett,A late-1990s and early-2000s heartthrob who starred in massive war epics and horror thrillers before stepping back from major blockbuster roles.,"The actor known for Pearl Harbor, Black Hawk Down, and Oppenheimer."
Pablo Schreiber,"A tall, physically imposing actor who played a corrupt prison guard nicknamed for his facial hair, an ancient leprechaun, and an armored space soldier.","The actor known for Orange Is the New Black, American Gods, and playing Master Chief in Halo."
John Slattery,"A silver-haired actor known for his sharp-tongued, martini-drinking advertising executive role and playing an inventor father in a superhero franchise.","The actor known for Mad Men, Spotlight, and his polished supporting roles."
Bruce Willis,"A bald action superstar famous for playing a wisecracking, undershirt-wearing police detective who survives glass-filled skyscraper terrorist attacks.","The star of Die Hard, The Sixth Sense, and Pulp Fiction who became synonymous with the wisecracking action hero."
Eminem,"A controversial, rapid-fire rap icon from an automotive city whose blond hair and autobiographical movie made him a global music titan.","The Detroit rapper behind Lose Yourself, The Real Slim Shady, and the film 8 Mile."
Jay-Z,"A former street dealer turned music mogul who built a multi-billion-dollar empire spanning streaming, sports agencies, and luxury brands.",The Brooklyn rapper behind The Blueprint and 99 Problems who co-founded Roc Nation.
Larry David,A neurotic comedy writer with a distinct balding profile who co-created one of the most successful sitcoms in history and starred as a fictionalized version of himself.,"The co-creator of Seinfeld and star of Curb Your Enthusiasm, famous for his deliberately grumpy comic persona."
Jason Statham,"A former competitive diver turned action star known for his shaved head, gravelly voice, and performing high-speed driving stunts.","The star of The Transporter, Crank, and The Expendables who became a staple of high-speed action films."
Wesley Snipes,"A martial artist and actor who brought a cool, leather-trenchcoat-wearing daywalking vampire hunter to the big screen in a landmark comic franchise.","The star of Blade, White Men Can't Jump, and Passenger 57 who brought a martial-arts edge to Hollywood action."
Lil Wayne,"A heavily tattooed, raspy-voiced rap prodigy who dubbed himself the best rapper alive and dominated the 2000s with landmark mixtapes.",The New Orleans rapper behind Tha Carter III and the founder of Young Money Entertainment.
50 Cent,A street-hardened rap star who survived nine gunshot wounds before releasing a multi-platinum debut album and becoming a television producer.,The artist behind Get Rich or Die Tryin' and In da Club who later produced the television series Power.
Andrew Garfield,"An actor who played a heroic web-slinging hero, a pacifist war medic who refused to carry a gun, and a musical composer.","The actor who played Spider-Man and received acclaim for Hacksaw Ridge and Tick, Tick... Boom!."
Zac Efron,A former teen idol who broke out singing in a high school musical movie before transforming into a muscled actor in comedies and biographical dramas.,"The star of High School Musical who later took on musical, comedic, and dramatic film roles."
Jared Leto,A method actor and rock band frontman known for undergoing extreme physical transformations for dramatic roles and playing a green-haired comic villain.,The actor and Thirty Seconds to Mars frontman who won an Oscar for Dallas Buyers Club.
Sam Smith,"A soulful, high-register vocalist who won multiple major music awards for a heartbreaking debut album about unrequited love.",The Grammy-winning singer behind Stay with Me and Unholy.
Tyler Perry,"A multi-billionaire media mogul, playwright, and actor who built a vast production studio and created an iconic, silver-haired gun-toting matriarch character.",The filmmaker and performer who built a media empire around Madea and major Atlanta studios.
Michael J. Fox,A beloved actor who traveled through time in a customized sports car and played a young suburban teenager and a deputy mayor.,The star of Back to the Future and Family Ties who became a major Parkinson's research advocate.
Chevy Chase,"A tall, deadpan comedic actor who was an original late-night sketch star before leading classic holiday and vacation comedy movies.",The original Saturday Night Live breakout who led Caddyshack and National Lampoon's Vacation.
Richard Pryor,"A groundbreaking, raw stand-up comedian whose deeply personal, unfiltered storytelling about race and life revolutionized modern comedy.",The groundbreaking stand-up comic whose fearless autobiographical style changed American comedy.
Eddie Griffin,"A high-energy stand-up comedian and actor known for his expressive physical comedy, sharp afro, and playing a secret agent in a comedy spoof.",The stand-up comic and actor known for Undercover Brother and a high-energy performance style.
George Carlin,"A legendary counterculture stand-up comedian known for his sharp linguistic satire, dark philosophy, and his famous routine on seven forbidden words.",The legendary comic whose Seven Dirty Words routine and observational albums reshaped stand-up.
Richard Lewis,"A neurotic stand-up comedian known for dressing entirely in black, holding his head in anguish, and playing a fictionalized version of himself.","The neurotic, self-deprecating comic who became a memorable Curb Your Enthusiasm performer."
Norm Macdonald,"A deadpan comedic genius with a distinctive cadence, famous for his fearless, intentionally awkward jokes and satirical news delivery.","The deadpan comic and Weekend Update anchor celebrated for fearless, deliberately awkward punchlines."
Andy Cohen,A talkative television executive and host known for hosting reunions for wealthy reality show housewives and a late-night club interview show.,The television executive and host known for Watch What Happens Live and Bravo reunion interviews.
Larry King,A legendary suspenders-wearing talk show host with glasses who conducted tens of thousands of interviews with world figures over a multi-decade broadcast career.,The suspenders-wearing interviewer whose long-running CNN program became a national institution.
Anderson Cooper,A silver-haired news anchor and broadcast journalist known for reporting live from natural disaster zones and hosting a prominent evening news program.,"The CNN anchor known for clear-eyed reporting, live disaster coverage, and a distinctive silver-haired profile."
Tucker Carlson,A conservative media personality and news commentator known for wearing bowties early in his career and hosting a high-rated cable opinion program.,The conservative television commentator whose prime-time monologues made him a major U.S. media figure.
Joe Rogan,"A martial arts commentator, stand-up comedian, and former game show host who built the most popular interview podcast in the world.","The comedian, commentator, and podcast host behind one of the world's most listened-to interview shows."
Ben Shapiro,"A fast-talking conservative political commentator, columnist, and podcast host known for his rapid debate style and digital news platform.",The conservative commentator and podcast host known for rapid-fire political debate.
David Blaine,A street magician and endurance artist famous for performing high-visibility public physical stunts like being buried alive or encased in ice.,The endurance magician known for street illusions and stunts involving extreme physical challenges.
Penn Jillette,"The tall, vocal, ponytailed half of a famous magic duo who speaks while his partner remains silent throughout their illusions.","The tall, outspoken half of a famous magic duo known for silent performance and verbal comedy."
Teller,"The shorter, completely silent half of a legendary casino illusion duo who performs intricate sleight-of-hand magic without uttering a word.",The usually silent magician who performs elaborate illusions as part of a long-running Las Vegas duo.
Bobby Flay,A celebrity chef and grill master famous for throwing down against challenging cooks on television and running upscale regional restaurants.,The Food Network chef known for competitive cooking shows and Southwestern-inspired cuisine.
Alton Brown,"A bow-tied culinary presenter and television host who uses science experiments, props, and history to explain how cooking works.",The science-minded food host who explained cooking through Good Eats and Iron Chef America.
Wolfgang Puck,A celebrity chef and restaurateur who pioneered modern fusion cuisine and catered official major film award galas for decades.,The celebrity chef and restaurateur whose California cuisine became a Hollywood dining staple.
José Andrés,A world-renowned chef and humanitarian who founded a non-profit organization that provides emergency meals to communities hit by disasters.,The chef and humanitarian who founded World Central Kitchen to feed people after disasters.
Andrew Zimmern,"A globe-trotting chef and television presenter known for traveling the world to taste unusual, bizarre, and unique local delicacies.",The television food explorer who became known for trying unusual dishes around the world.
Bear Grylls,A former special forces soldier and survivalist television host known for eating wild insects and demonstrating extreme wilderness survival skills.,The survival expert and television presenter known for extreme wilderness challenges.
Tom Colicchio,"A respected head judge and chef known for his shaved head, stern culinary evaluations, and founding a high-end sandwich shop chain.","The chef, restaurateur, and Top Chef judge known for refined American cooking."
Bobby Brown,A energetic performer who helped pioneer a high-tempo rhythm and dance music movement both as a boy band member and as a solo star.,The R&B singer who helped define New Jack Swing as a solo artist and member of New Edition.
Jayson Tatum,"A star basketball forward known for his smooth scoring ability, signature side-step jumper, and leading his green-uniformed team to a title.",The Boston Celtics forward who became an NBA champion and perennial All-Star.
Nikola Jokić,"A tall center from overseas renowned for his incredible court vision, flashy passing, lazy-looking play style, and passion for horse racing.",The Denver Nuggets center whose passing and scoring made him one of basketball's most unusual superstars.
Aaron Judge,A towering baseball outfielder who set a single-season home run record for his league while wearing pinstripes.,The towering New York Yankees slugger who set an American League home-run record.
Pete Rose,An aggressive baseball legend nicknamed for his hustle who accumulated the most total career hits in history before being banned for gambling.,The all-time MLB hits leader nicknamed Charlie Hustle.
Reggie Jackson,A postseason baseball slugger famous for hitting three consecutive home runs on three consecutive pitches in a single championship game.,The October baseball legend known as Mr. October for his World Series power.
Cal Ripken Jr.,"A durable baseball shortstop renowned for his incredible endurance, playing in a record-breaking 2,632 consecutive games.",The Baltimore Orioles shortstop celebrated for a record consecutive-games streak.
Cuba Gooding Jr.,An actor who gave an energetic award-winning performance as a flamboyant football player demanding to see money.,The Oscar-winning actor known for Jerry Maguire and the shouted line Show me the money.
Laurence Fishburne,A commanding actor who played a sunglasses-wearing rebel leader offering red or blue pills and a stern suburban father.,"The actor known for The Matrix, Boyz n the Hood, and commanding dramatic performances."
Terrence Howard,An actor and musician who starred as an ambitious pimp turned hip-hop artist and later played a powerful music empire mogul on television.,The actor and musician known for Hustle & Flow and the television drama Empire.
Jeffrey Wright,A versatile actor with a deep voice who played an artificial intelligence creator in a sci-fi park and a loyal police commissioner in a dark detective film.,"The acclaimed actor known for Westworld, Angels in America, and major comic-book films."
Lakeith Stanfield,"An enigmatic actor known for his surreal comedic timing, playing an eccentric stoner friend, and earning an award nomination as a civil rights informant.","The actor known for Atlanta, Get Out, and distinctive performances in contemporary cinema."
John David Washington,A former professional football player turned leading actor who starred as an undercover officer infiltrating a hate group and a time-bending operative.,The former football player who became a leading actor in BlacKkKlansman and Tenet.
"Tyler, the Creator","An eccentric rapper, producer, and fashion designer who co-founded a famous hip-hop collective and won album honors for his colorful persona.","The genre-bending artist behind Odd Future, Igor, and the Camp Flog Gnaw festival."
Kid Rock,"A genre-blending musician who combined hard rock, country, and hip-hop into arena hits while embracing a gritty rock persona.","The Michigan musician who fused rock, country, hip-hop, and a highly visible American persona."
Travis Scott,"A high-energy hip-hop star known for his heavily auto-tuned vocals, massive festival production, and signature shoe collaborations.",The Houston rapper and producer known for Astroworld and huge festival-scale performances.
Future,"A influential rapper whose melodic, drug-laced auto-tuned style and relentless mixtape output defined the modern sound of trap music.",The Atlanta rapper whose melodic trap style became one of hip-hop's most influential sounds.
Michael Shannon,"An intense character actor known for his piercing stare, playing unhinged villains, a corrupt lawman, and a man obsessed with building a storm shelter.","The intense character actor known for Revolutionary Road, Take Shelter, and tense dramatic roles."
John Turturro,"A versatile character actor who played a theatrical bowler with a purple jumpsuit, an eccentric writer, and a paranoid secret agent.","The versatile actor known for Barton Fink, The Big Lebowski, and extensive character work."
John Mulaney,"A sharp-suited stand-up comedian and former late-night writer known for his polished, autobiographical jokes about his childhood and recovery.",The stand-up comedian and former Saturday Night Live writer known for polished autobiographical specials.
Bill Burr,"A hot-tempered stand-up comedian from a northeastern city known for his ranting podcast, observational comedy, and playing a space mercenary.",The sharp-edged stand-up comedian known for Monday Morning Podcast and F Is for Family.
Eric Andre,"A chaotic comedian and host whose surreal, destructive talk show features pranking guests and destroying set furniture.",The surreal comedian and host whose chaotic talk-show pranks became an internet-era cult phenomenon.
Bo Burnham,"An online prodigy turned comedian and filmmaker who crafts satirical musical specials about technology, internet culture, and existential dread.","The musical comedian and filmmaker whose specials combine songs, satire, and existential anxiety."
Ricky Gervais,A sarcastic comedic creator and host known for creating a groundbreaking mockumentary sitcom and delivering biting monologues at award galas.,The comedian and creator of The Office known for caustic stand-up and award-show monologues.
Russell Brand,"A flamboyant, fast-talking comedian and actor known for his long dark hair, eccentric wardrobe, and playing a rock star in a breakup comedy.","The flamboyant comedian and actor known for rapid speech, political commentary, and Forgetting Sarah Marshall."
Graham Norton,A charming talk show host famous for welcoming whole celebrity casts at once onto his red couch while sharing hilarious fan anecdotes.,"The talk-show host famous for a red sofa, celebrity anecdotes, and playful interviews."
Patton Oswalt,"A nerdy, pop-culture-loving stand-up comedian and actor who voiced a gourmet rat in an animated masterpiece and played multiple sitcom brothers.","The comedian, writer, and actor known for detailed stand-up and a role in Ratatouille."
Billie Joe Armstrong,The eyeliner-wearing frontman and guitarist of a defining 1990s pop-punk band known for energetic stadium anthems and a rock opera.,The Green Day frontman behind American Idiot and a defining punk-rock songwriting career.
Dave Grohl,A beloved rock musician who played drums for a legendary grunge band before picking up a guitar to front a massive stadium rock band.,The Nirvana drummer who founded Foo Fighters and became one of rock's most admired frontmen.
Jack White,"A blues-rock guitarist and singer known for his strict red, white, and black aesthetic, analog recording techniques, and iconic guitar riffs.",The White Stripes guitarist whose blues-rock style and red-white visual identity became iconic.
Lenny Kravitz,"A stylish retro-rock multi-instrumentalist known for his leather pants, dreadlocks, sunglass fashion, and blending funk, soul, and hard rock.","The singer, songwriter, and multi-instrumentalist known for retro-rock sound and fashion-forward style."
Wiz Khalifa,"A laid-back, cannabis-loving rapper from a steel city known for his infectious laugh, yellow-and-black hit anthem, and movie soundtracks.",The rapper behind Black and Yellow whose cannabis-friendly image became part of his pop identity.
Juicy J,A veteran rap pioneer and producer whose group won a major film song award before he enjoyed a massive solo comeback in the 2010s.,The Three 6 Mafia co-founder and producer who helped bring Southern horrorcore into the mainstream.
Rick Ross,"A larger-than-life rap mogul known for his deep grunting ad-libs, beard, sunglasses, and lyrics celebrating extreme wealth.",The Miami rapper and Maybach Music Group founder known for luxury-minded storytelling.
Nas,A legendary lyrical poet from a public housing project whose groundbreaking 1994 debut album is widely considered a hip-hop masterpiece.,The Queensbridge rapper whose Illmatic is considered one of hip-hop's landmark albums.
Q-Tip,A smooth-voiced rapper and producer whose jazz-infused hip-hop group defined the golden era of alternative conscious rap.,The A Tribe Called Quest frontman known for inventive jazz-inflected hip-hop.
Method Man,A charismatic rap star with a raspy voice who broke out in an iconic nine-member hip-hop group before becoming a prominent actor.,The Wu-Tang Clan rapper who also built a substantial acting career.
Redman,"A high-energy rap lyricist known for his humorous, weed-centric rhymes and long-running comedic partnership with a fellow rap icon.","The New Jersey rapper known for Muddy Waters, energetic wordplay, and a long partnership with Method Man."
Busta Rhymes,"A wild, rapid-fire rapper known for his explosive vocal delivery, outrageous music videos, and legendary high-speed featured verses.","The rapid-fire rapper known for explosive delivery, elaborate videos, and memorable guest verses."
The Game,A rap artist whose debut album helped revitalize his region's hip-hop scene in the mid-2000s under the mentorship of major producers.,The Compton rapper whose debut album helped re-energize West Coast hip-hop in the 2000s.
Ja Rule,A raspy-voiced rapper who dominated early 2000s radio charts with a string of duets alongside female pop and soul stars.,The rapper and singer known for early-2000s crossover hits and melodic collaborations.
Bow Wow,"A former child rap star who dropped the diminutive prefix from his name as he grew up, transitioning into acting and television hosting.",The former child rap star who moved from early hits into acting and television hosting.
DJ Khaled,A charismatic social media star and music executive known for shouting his name on tracks and assembling massive all-star rap collaborations.,The producer and media personality known for all-star rap collaborations and motivational catchphrases.
Rick Rubin,"A barefoot, bearded super-producer who co-founded a legendary hip-hop label in his college dorm and produced landmark rock and rap records.",The minimalist producer who co-founded Def Jam and shaped landmark albums across rock and hip-hop.
Dr. Dre,A pioneering producer and rapper who defined hip-hop across multiple decades and co-founded a billion-dollar headphone company.,The producer and rapper who helped define West Coast hip-hop and founded Aftermath Entertainment.
Questlove,"A afro-wearing drummer, joint late-night bandleader, and music historian who co-founded a legendary live hip-hop band.","The Roots drummer, producer, filmmaker, and music historian known for deep cultural range."
Ringo Starr,"The cheerful, peace-and-love-promoting drummer for the most famous rock band in history who also sang lead on a yellow submarine song.",The Beatles drummer whose cheerful persona and steady playing made him a global music legend.
Paul McCartney,A legendary bass player and melodic songwriting genius who formed the most successful pop music partnership in history.,The Beatles songwriter and bassist whose solo career extended one of popular music's greatest legacies.
Neil Diamond,A deep-voiced singer-songwriter behind timeless sing-along stadium anthems and decades of adult contemporary pop hits.,The singer-songwriter behind Sweet Caroline and a vast catalog of American pop standards.
Bob Dylan,A raspy-voiced folk-rock poet whose protest songs and literate lyrics earned him the highest international literary honor.,The Nobel-winning songwriter whose poetic folk and rock songs transformed popular music.
Stevie Wonder,"A blind musical prodigy who mastered keyboards and harmonica, releasing a streak of classic 1970s soul and funk albums.","The blind musical prodigy whose soul, pop, and keyboard recordings became timeless classics."
Lionel Richie,A smooth soul singer and ballad master who went from fronting a 1970s funk group to becoming a massive 1980s solo pop superstar.,"The Commodores singer and solo hitmaker behind Hello, All Night Long, and We Are the World."
Carlos Santana,"A virtuosic guitarist who fused regional percussion with rock music, performing at a legendary 1969 festival and staging a massive 1999 comeback.",The guitarist whose Latin-rock sound and Woodstock-era performances became instantly recognizable.
John Mayer,A guitar virtuoso and smooth pop singer who transitioned from acoustic radio hits to blues trio playing and touring with former jam rock band members.,The singer-songwriter and guitarist who moved from acoustic pop into acclaimed blues playing.
Keith Urban,A talented guitarist and country-pop singer from down under known for his high-energy live shows and judging on a singing competition.,The country singer and guitarist known for arena hits and a long-running American television judging role.
Tim McGraw,A hat-wearing country superstar who dominated 1990s and 2000s radio with emotional ballads and energetic country hits.,The country singer and actor whose crossover hits made him a Nashville and Hollywood fixture.
Luke Bryan,"A cheerful country star known for his party anthems, signature dance moves, and judging on a television singing competition.",The country singer and American Idol judge known for upbeat stadium-friendly hits.
Kenny Chesney,"A country superstar famous for his beach-themed island anthems, sleeveless shirts, and filling massive football stadiums every summer.",The country star known for beach-themed hits and some of the genre's biggest concert tours.
Garth Brooks,"A country megastar whose explosive, rock-style arena shows and record-shattering album sales brought country music into the mainstream pop tier.",The country superstar whose arena shows and crossover popularity changed the scale of Nashville music.
Zach Bryan,"A former naval sailor whose raw, unpolished acoustic country songwriting and raspy vocals became a massive independent streaming phenomenon.",The former Navy sailor whose raw country songwriting became a major streaming phenomenon.
David Gilmour,"A progressive rock guitarist and vocalist renowned for his atmospheric, soaring electric guitar solos and spacious tone.",The Pink Floyd guitarist and singer known for spacious solos and landmark progressive-rock albums.
Sting,"A literate singer, songwriter, and bass player who fronted a legendary new wave rock trio before embarking on a successful jazz-pop solo career.","The Police frontman and solo songwriter known for literate pop, rock, and jazz influences."
Van Morrison,"A soulful, mystical singer-songwriter known for his poetic lyrics, blending traditional folk with soul, and a timeless brown-eyed girl hit.","The singer-songwriter whose soulful, mystical recordings include Astral Weeks and Moondance."
Bono,An iconic rock frontman and global activist known for wearing tinted wraparound sunglasses and leading a global stadium rock band.,The U2 frontman known for anthemic rock songs and highly visible humanitarian advocacy.
Thom Yorke,"An experimental rock frontman known for his haunting falsetto, expressive dancing, and leading an innovative art-rock band.","The Radiohead frontman known for experimental vocals, electronic textures, and art-rock songwriting."
George Strait,"The traditional country music icon known as the king of his genre, famous for his cowboy hat, western shirt, and holding over 60 number-one hits.",The country singer known as the King of Country for an unmatched run of traditional hits.
Alan Jackson,"A mustache-wearing traditional country icon who wrote simple, honest songs about small-town life, trucks, and working people.",The country singer whose songs blend honky-tonk tradition with mainstream Nashville success.
Brad Paisley,"A virtuosic country guitarist known for his humorous lyrics, signature cowboy hat, and telecaster picking style.","The country guitarist and singer known for clever songs, virtuoso playing, and television hosting."
Jason Aldean,A country-rock singer who pioneered a heavy guitar-driven sound and filled arenas with anthems about dirt roads.,The country singer known for arena-sized songs and a blend of country with rock production.
Eric Church,A rebellious country singer-songwriter known for wearing aviator sunglasses on stage and his fierce independence from the music industry.,"The country singer-songwriter known for rebellious concert energy and a broad, loyal fan base."
Thomas Rhett,A country-pop singer-songwriter known for blending modern soul grooves into his country hits and his prominent country music lineage.,The country-pop singer known for polished crossover hits and a prominent Nashville family background.
John Cusack,An actor who defined 1980s alternative romance holding a boombox over his head before starring in dark comedies and disaster films.,"The actor known for Say Anything..., High Fidelity, and a long run of romantic, comic, and dramatic roles."
Jeremy Renner,An actor who earned dramatic acclaim playing a bomb disposal expert before picking up a bow and arrow as a superhero hawk marksman.,"The actor known for The Hurt Locker, The Avengers, and the Mission: Impossible films."
Christopher Lloyd,"An eccentric, wide-eyed character actor who played a wild-haired time-traveling scientist and a creepy estate butler.",The eccentric screen legend famous for Back to the Future and Taxi.
Sean Connery,"The suave, distinctly accented screen icon who originated the most famous fictional secret agent on film and played an aged archaeologist father.",The first major film James Bond who also won acclaim for The Untouchables and Indiana Jones.
Jude Law,"A handsome actor known for playing a charming aristocratic playboy, a brilliant doctor companion to a detective, and a young pope.","The actor known for The Talented Mr. Ripley, Sherlock Holmes, and a long prestige-film career."
Colin Firth,A refined actor who portrayed a stammering monarch winning a top film honor and a suave umbrella-wielding secret agent.,"The actor famous for Pride and Prejudice, The King's Speech, and Bridget Jones's Diary."
Clive Owen,A gravelly-voiced actor known for his brooding antihero roles in futuristic dystopian thrillers and slick crime dramas.,"The actor known for Children of Men, Closer, and a cool thriller-star presence."
Orlando Bloom,"An actor who played a blonde, bow-wielding elf warrior in an epic fantasy trilogy and a blacksmith turned pirate on the high seas.","The star of The Lord of the Rings, Pirates of the Caribbean, and Troy."
Viggo Mortensen,A dedicated actor and artist who played a brave human ranger king in a fantasy trilogy and earned dramatic acclaim in crime thrillers.,The actor known for playing Aragorn and for acclaimed work in Eastern Promises and Green Book.
Jason Isaacs,"An actor renowned for playing sinister, arrogant villains including a silver-haired dark wizard father and a ruthless officer in a historical war drama.","The actor known for Harry Potter, The Patriot, and sharply memorable villainous roles."
Danny DeVito,"A short, wildly energetic comedic actor and director who played a slimy taxi dispatcher, a trash-eating sitcom father, and a comic villain.","The short, instantly recognizable actor behind Taxi, Matilda, and It's Always Sunny in Philadelphia."
Danny Glover,A veteran actor and activist famous for playing a tired police detective who declares he is getting too old for this stuff.,The actor and activist known for Lethal Weapon and The Color Purple.
James Caan,An intense actor who played a hot-tempered mob brother in a cinematic masterpiece and a reclusive author held captive by a fan.,The actor who played Sonny Corleone and starred in Misery and Elf.
Peter Weller,An actor and art historian best known for playing a cybernetic police officer reconstructed after a fatal shooting in a sci-fi classic.,The actor famous for RoboCop and distinctive roles in film and television.
Treat Williams,A versatile actor who played a free-spirited hippie leader in a movie musical and a caring small-town doctor on a beloved television drama.,"The actor known for Hair, Everwood, and a long career in drama and television."
Bill Pullman,An actor famous for giving an inspiring presidential speech before battling invading aliens and starring in quirky romantic comedies.,"The actor known for Independence Day, While You Were Sleeping, and Lost Highway."
John Hurt,"A legendary character actor who played a tragic deformed man, a man with a chest-burster alien parasite, and a secret incarnation of a space doctor.","The acclaimed actor known for Alien, The Elephant Man, and Harry Potter."
Christopher Plummer,A distinguished actor who played a stern naval captain father who sang in a movie musical before winning an major award late in life.,The veteran actor who won an Oscar late in life and played Captain von Trapp.
Donald Sutherland,"A tall, deep-voiced actor who played a rebellious military surgeon, a grieving father, and a ruthless galactic dictator in a young adult franchise.","The prolific actor known for MASH, Ordinary People, and The Hunger Games."
James Woods,"An intense, fast-talking character actor known for playing corrupt lawyers, gangsters, and voicing a hot-tempered underworld god in an animated film.","The intense actor known for Videodrome, Casino, and acclaimed television work."
William Shatner,"The theatrical, pause-heavy actor who commanded a famous starship in the 1960s before playing a quirky, eccentric lawyer in his later career.",The actor who made Captain Kirk a television icon and later became a recording artist and author.
Hugo Weaving,"An actor with a deep, menacing voice who played a cybernetic suit-wearing agent, a wise elf lord, and a masked revolutionary.","The actor known for The Matrix, The Lord of the Rings, and V for Vendetta."
Martin Sheen,A respected actor who starred as an army captain traveling upriver in a war epic and played a beloved president on a political drama series.,"The actor known for Apocalypse Now, The West Wing, and a long family acting dynasty."
Emilio Estevez,An 1980s teen star who played an athletic high school wrestler in detention and later coached a youth ice hockey team.,"The actor and filmmaker known for The Breakfast Club, St. Elmo's Fire, and Young Guns."
Charlie Sheen,A wild comedic and dramatic actor who starred in war epics before becoming the highest-paid sitcom star playing a hedonistic jingle writer.,"The actor known for Platoon, Wall Street, Two and a Half Men, and a very public celebrity life."
Richard Dreyfuss,"An actor who played an oceanographer battling a giant shark, a man obsessed with a devil's tower mountain, and won a top acting award for a romantic comedy.","The Oscar-winning actor known for Jaws, Close Encounters of the Third Kind, and Mr. Holland's Opus."
Matthew Rhys,A actor who adopted a flawless local accent to play a deep-cover foreign spy living in suburban housing in a critically acclaimed drama.,"The actor known for The Americans, Perry Mason, and a quietly intense dramatic style."
Matthew Goode,"An actor known for his suave, aristocratic roles in period dramas, playing a genius inventor, and a brilliant blue superhero scientist.","The actor known for Downton Abbey, The Imitation Game, and Watchmen."
Damian Lewis,A red-headed actor who played a heroic wartime officer in a military miniseries and a conflicted former prisoner of war turned politician.,"The actor known for Band of Brothers, Homeland, and Billions."
Idris Elba,A commanding actor with a deep voice who played a calculating drug kingpin on cable television and a rugged detective in a tweed coat.,The actor who played Stringer Bell and became a major star in Luther and blockbuster films.
Chiwetel Ejiofor,"An actor who gave a heartbreaking, award-nominated performance as a free man kidnapped into slavery and played a sorcerer in a superhero film.","The actor known for 12 Years a Slave, Doctor Strange, and serious dramatic performances."
Daniel Dae Kim,An actor who played a castaway on a mysterious island series and a police officer on a rebooted island action series.,"The actor known for Lost, Hawaii Five-0, and a prominent role in Avatar: The Last Airbender."
Ken Watanabe,"An actor with a powerful screen presence who played a noble warrior commander, an inception businessman, and a monster researcher.","The Japanese actor known for The Last Samurai, Inception, and Godzilla."
Tony Leung,"A legendary romantic and dramatic film star known for his expressive eyes, starring in acclaimed international art-house films and a comic martial arts role.",The Hong Kong film legend known for In the Mood for Love and major martial-arts dramas.
Jet Li,"A former national martial arts champion who became a global martial arts film icon, known for his lightning-fast speed and graceful wushu choreography.","The martial-arts champion and film star known for Hero, Lethal Weapon 4, and The Expendables."
Jackie Chan,"A global action-comedy icon famous for performing his own dangerous stunts, using everyday props as weapons, and slapstick fight choreography.","The action-comedy legend famous for elaborate stunts, Rush Hour, and Police Story."
Donnie Yen,A martial arts superstar known for introducing wing chun choreography to mainstream cinema in an iconic biographical film franchise.,"The martial-arts star known for Ip Man, Rogue One, and fast, precise fight choreography."
Steven Seagal,"A ponytailed martial arts actor and aikido instructor known for his stoic demeanor, breaking wrists on screen, and playing an ex-SEAL cook on a battleship.",The aikido expert and action star known for Under Siege and a distinctive straight-faced persona.
Jean-Claude Van Damme,"A flexible martial arts actor nicknamed for his muscular build, famous for performing epic splits and starring in tournament fighting movies.","The action star known for Bloodsport, Kickboxer, and famous flexibility-based fight scenes."
Dolph Lundgren,"A towering, highly educated martial arts actor who played a cold foreign boxer demanding to break his opponent in a classic sports sequel.","The actor and martial artist known for Rocky IV, Universal Soldier, and The Expendables."
Chuck Norris,A martial artist and action star whose formidable tough-guy persona inspired a legendary internet meme phenomenon about his superhuman strength.,"The martial artist and action star known for Walker, Texas Ranger and an internet legend of toughness."
Ethan Hawke,A thoughtful actor and writer who starred in a multi-decade romantic film trilogy shot every nine years and a groundbreaking twelve-year aging drama.,"The actor and writer known for Before Sunrise, Training Day, and acclaimed independent films."
Emile Hirsch,An actor who gave an intense physical performance as a real-life idealist who abandoned society to live in the wilderness in an abandoned bus.,"The actor known for Into the Wild, Speed Racer, and challenging independent roles."
Logan Lerman,An actor who played a young demigod son of a sea god in a fantasy adaptation and a shy high school freshman writing letters to an unnamed friend.,"The actor known for Percy Jackson, The Perks of Being a Wallflower, and Fury."
Ashton Kutcher,"A goofy sitcom actor turned venture capitalist who played a trucker-hat-wearing stoner, hosted a hidden-camera prank show, and invested early in tech startups.",The actor from That '70s Show and Two and a Half Men who became a technology investor.
Neil Patrick Harris,"A former child star who played a teenage doctor before reinventing his career as a suit-wearing, playbook-using womanizer on a hit sitcom.","The actor known for Doogie Howser, How I Met Your Mother, and major awards-show hosting."
Jason Segel,"A tall, endearing comedic actor and writer who played a hopeless romantic lawyer on a sitcom, created a puppet musical, and revived a famous puppet franchise.","The actor and writer known for Forgetting Sarah Marshall, Freaks and Geeks, and How I Met Your Mother."
Josh Radnor,"An actor, director, and musician best known for playing a hopeless romantic architect searching for his future wife over nine seasons of a sitcom.","The actor, writer, and director known for playing Ted Mosby on How I Met Your Mother."
Mike Judge,"An animator and filmmaker who created a famous slack-jawed teenager duo, an animated suburban family sitcom, and directed a cult office satire.","The animator and creator behind Beavis and Butt-Head, King of the Hill, and Office Space."
Trey Parker,A satirical genius who co-created an outrageously offensive paper-cutout animated series and co-wrote a record-breaking theatrical musical about missionaries.,The South Park co-creator who also wrote and starred in The Book of Mormon.
Matt Stone,"A satirical writer and voice actor who co-created a long-running, foul-mouthed animated series about four elementary school boys in a mountain town.",The South Park co-creator and voice performer behind a satirical animation empire.
Hannibal Buress,"A laid-back stand-up comedian with a dry, rhythmic delivery who played a weird dentist on a comedy series and went viral for a stand-up joke.",The stand-up comedian and actor known for broad observational humor and memorable television appearances.
Tracy Morgan,"An unpredictable, wild comedic actor known for his unhinged character work on late-night sketch television and playing a surreal version of himself on a sitcom.",The Saturday Night Live and 30 Rock comedian known for an unmistakable voice and surreal delivery.
Marlon Brando,"A legendary method actor who revolutionized film acting with his raw, mumbled performances as a boxer in a tank top and a powerful mob patriarch.",The legendary method actor known for A Streetcar Named Desire and The Godfather.
James Dean,A tragic teenage rebel icon of 1950s cinema who defined youth angst in a red jacket before his life was cut short in a sports car crash.,The enduring screen icon who starred in Rebel Without a Cause and East of Eden.
Katt Williams,"A flamboyant, fast-talking stand-up comedian with relaxed hair who wears colorful suits and delivers sharp, energetic commentary on society.",The stand-up comedian and actor known for flamboyant delivery and sharp social observations.
Billy Crystal,"A quick-witted comedian and actor known for his jazz-like hosting of award shows, a famous romantic comedy asking if men and women can just be friends.","The comedian, actor, and host known for When Harry Met Sally and memorable Oscar ceremonies."
Jim Gaffigan,"A clean-cut, pale stand-up comedian who uses an inner high-pitched voice to joke self-deprecatingly about his love of food and large family.","The clean observational comic known for food jokes, deadpan delivery, and television roles."
Chris D'Elia,"A physical stand-up comedian known for his rapid conversational style, physical bits on stage, and playing a eccentric neighbor on television.",The stand-up comedian and actor known for sitcom work and conversational comedy specials.
Theo Von,"A stand-up comedian and podcast host known for his bizarre personal anecdotes, mullet haircut, and unpredictable conversational style.",The comedian and podcast host known for Southern storytelling and This Past Weekend.
Shane Gillis,"A popular stand-up comedian and podcaster known for his sharp historical knowledge, college football humor, and popular sketch comedy series.",The stand-up comedian and podcast host known for sharp impressions and Saturday Night Live appearances.
Henry Rollins,"An intense, muscular punk rock frontman who led a legendary hardcore band before becoming an outspoken spoken-word artist, actor, and travel writer.","The punk frontman, spoken-word performer, and actor known for Black Flag and relentless touring."
Tom Morello,An innovative rock guitarist known for using his electric guitar like a turntable to create unique sound effects for a politically charged band.,The Rage Against the Machine guitarist known for inventive effects and politically charged rock.
Flea,"An energetic, shirtless bass player known for his slap-technique virtuosity, wild stage antics, and co-founding an iconic funk-rock group.",The Red Hot Chili Peppers bassist known for explosive slap playing and energetic stage presence.
Anthony Kiedis,"The charismatic, frequently shirtless frontman of a funk-rock band known for his rapid-fire vocal delivery and songs about his home state.",The Red Hot Chili Peppers singer whose lyrics and stage style helped define alternative rock.
Serj Tankian,"An operatic metal vocalist known for his incredible vocal range, political activism, and leading an alternative metal band with traditional influences.",The System of a Down frontman known for theatrical vocals and politically intense metal.
Corey Taylor,A powerful metal vocalist who wears a horrifying mask on stage with his nine-member band while also fronting a successful unmasked hard rock band.,The Slipknot and Stone Sour frontman known for masked metal performance and powerful vocals.
Jonathan Davis,"A bagpipe-playing, dark metal frontman whose raw, emotional lyrics and scat-singing vocals helped launch the nu-metal genre in the 1990s.",The Korn frontman whose vocal style helped shape the nu-metal era.
Roger Waters,"A conceptual rock songwriter and bassist behind monumental concept albums about wall isolation, dark sides, and societal greed.",The Pink Floyd songwriter and bassist behind concept albums such as The Wall.
Robert Plant,"A golden-haired, soaring rock vocalist whose incredible range and mystical lyrics defined hard rock in the 1970s.",The Led Zeppelin singer known for extraordinary rock vocals and a long solo career.
Jimmy Page,A legendary rock guitarist and producer who used a violin bow on his electric guitar and crafted some of the most iconic riffs in music history.,The Led Zeppelin guitarist and studio innovator behind some of rock's most famous riffs.
David Bowie,"A chameleon-like rock icon who reinvented his music and visual persona across decades, from an alien rockstar to a thin white duke.","The shape-shifting artist behind Ziggy Stardust, Heroes, and decades of reinvention."
Eddie Vedder,A baritone rock frontman known for his climbing of stage rafters in the 1990s and leading one of the most enduring grunge bands in history.,The Pearl Jam frontman known for baritone vocals and anthems such as Alive.
Chris Cornell,A soaring four-octave rock singer whose incredible vocal power and dark songwriting made him one of the defining voices of the 1990s alt-rock movement.,The Soundgarden and Audioslave singer known for a soaring rock voice and songwriting.
Layne Staley,"A tragic vocalist known for his distinct, haunting vocal harmonies and eerie, pain-filled lyrics with a prominent alt-rock group.","The Alice in Chains singer whose dark, powerful vocals became central to grunge."
Kurt Cobain,"A reluctant rock icon whose raw, thrashing guitar and angst-filled songwriting defined the 1990s alternative rock explosion.",The Nirvana frontman whose songwriting and image defined the grunge generation.
Eddie Van Halen,A virtuosic guitar innovator who revolutionized rock music with his two-handed tapping technique and brightly striped custom electric guitars.,The virtuosic Van Halen guitarist who transformed electric-guitar technique.
Marilyn Manson,"A shock-rock performer whose theatrical makeup, dark industrial metal music, and provocative imagery made him a major pop culture lightning rod in the 1990s.",The controversial shock-rock performer known for theatrical industrial metal and elaborate stage imagery.
Kid Cudi,"An influential rapper and singer whose hums, moody melodies, and open lyrics about mental health deeply shaped a generation of modern hip-hop.",The rapper and singer whose introspective melodies influenced modern hip-hop and alternative pop.
Common,"A thoughtful, conscious hip-hop lyricist and actor who won a top film award for a civil rights drama song.",The Chicago rapper and actor known for thoughtful lyrics and roles in films such as Selma.
Killer Mike,"A politically active rap lyricist and community organizer known for his booming voice, sharp social commentary, and hip-hop duo work.",The Run the Jewels rapper and outspoken community advocate known for forceful political commentary.
T.I.,"A self-proclaimed king of a regional rap subgenre known for his articulate vocabulary, rubber-band hit singles, and acting roles.",The Atlanta rapper and actor known for trap-era hits and the film ATL.
Big Boi,A nimble-flowing rap legend who formed one half of a groundbreaking duo while maintaining a successful solo career celebrating funk.,The Outkast rapper known for Southern hip-hop innovation and a long solo career.
Andre 3000,"An eccentric, stylish rap genius and multi-instrumentalist who sang a massive crossover pop hit before stepping away to record ambient flute music.","The Outkast artist celebrated for inventive flows, fashion, and genre-bending musical ideas."
Lil Jon,"A crunk music pioneer and producer famous for his dreadlocks, sunglasses, holding a goblet, and shouting energetic ad-libs.",The Atlanta crunk pioneer known for shouted hooks and the party anthem Yeah!.
Timbaland,"A groundbreaking producer known for his stuttering, futuristic beat production, beatboxing, and crafting hit records for major pop stars.","The producer behind influential pop and R&B records for Missy Elliott, Justin Timberlake, and others."
will.i.am,"A futuristic pop producer, tech enthusiast, and group leader who crafted global dance-pop anthems and invested early in consumer technology.","The Black Eyed Peas member, producer, and technology entrepreneur known for global pop hits."
A$AP Rocky,"A fashionable regional rapper known for combining distinct production with rapid flows, his high-fashion aesthetics, and hit collaborations.",The Harlem rapper and fashion figure known for atmospheric production and high-profile collaborations.
Tyga,"A regional rapper known for his catchy, club-friendly bounce tracks, high-profile relationships, and viral comeback hits.",The rapper known for Rack City and a string of mainstream hip-hop collaborations.
The Kid Laroi,"A young artist from down under who rose to global stardom with emotional, pop-punk-infused rap tracks and a massive chart-topping duet.",The young singer-rapper known for Stay and a rapid rise through streaming-era pop.
Central Cee,"A drill rapper who achieved massive global streaming success with his catchy, clever lyrics, distinctive style, and viral tracks.",The London rapper whose drill-influenced singles became major U.S. and global streaming hits.
J. Cole,"A humble, introspective rap titan known for going multi-platinum with no featured artists, his storytelling, and running an influential record label.",The North Carolina rapper known for introspective albums and Dreamville Records.
Logic,"A fast-flowing rapper known for his technical lyricism, sci-fi concept albums, and a suicide prevention hotline hit song.","The Maryland rapper known for 1-800-273-8255, technical flows, and a science-fiction interest."
Macklemore,An independent rapper who achieved massive global pop success with infectious thrift-shop anthems and socially conscious pop hits.,The Seattle rapper behind Thrift Shop and socially conscious mainstream hip-hop singles.
Chance the Rapper,An independent artist who won major music awards for a free streaming mixtape featuring bright gospel-infused hip-hop.,The Chicago rapper whose independent mixtapes and bright gospel-influenced sound drew wide attention.
Anderson .Paak,"A multi-talented drummer, singer, and rapper with a raspy voice and infectious smile who crafts breezy soul, funk, and contemporary music.","The singer, drummer, and rapper known for Malibu and the Silk Sonic collaboration."
George Michael,"A soul-pop superstar who broke out in a 1980s pop duo before releasing a landmark solo album featuring a leather jacket, acoustic guitar, and stubble.","The Wham! singer and solo star behind Faith, Careless Whisper, and Last Christmas."
Barry Gibb,"A disco-era songwriting icon known for his soaring falsetto vocals, fluffy hair, and writing chart-topping hits for his family band.",The Bee Gees songwriter and singer whose falsetto helped define the disco era.
Andy Gibb,A 1970s teen idol who scored three consecutive number-one hits as a solo pop singer while his older brothers dominated the charts.,The youngest Gibb brother whose solo disco hits included Shadow Dancing.
Harry Connick Jr.,A jazz pianist and crooner who brought big band swing music back into mainstream pop with a classic romantic film soundtrack.,"The singer, pianist, actor, and television personality known for jazz-pop and Broadway work."
Kevin Kline,"A theatrical, award-winning comedic actor known for his physical antics as an insane assassin, playing dual roles, and voicing a cartoon landlord.","The Oscar-winning actor known for A Fish Called Wanda, The Ice Storm, and Broadway work."
Peter Fonda,A counterculture film icon who wore a star-spangled leather jacket on a custom chopper in a landmark 1960s road movie.,The Easy Rider star who became an emblem of counterculture cinema.
Dennis Hopper,"A wild counterculture actor and director who directed a seminal motorcycle road movie and played terrifying, oxygen-mask-wearing film villains.",The actor and filmmaker behind Easy Rider who also played memorable villains in Blue Velvet and Speed.
John Rhys-Davies,A deep-voiced character actor who played a loyal excavator friend to an archaeologist and a battle-axe-wielding dwarf warrior.,The actor known for playing Gimli in The Lord of the Rings and Sallah in Indiana Jones.
John C. McGinley,"An actor famous for playing a fast-talking, sarcastic doctor mentor who called his young protoge by girls' names on a medical sitcom.","The actor known for Scrubs, Platoon, and rapid-fire supporting performances."
John Candy,"A beloved, warm-hearted comedic actor known for playing a chatty shower-curtain-ring salesman traveling with a stressed executive for a holiday.","The beloved comic actor known for Planes, Trains and Automobiles, Uncle Buck, and SCTV."
Peter Sellers,A brilliant comedic chameleon who played multiple roles in a dark nuclear satire and a bumbling police inspector in a famous comedy franchise.,The comic actor famous for playing Inspector Clouseau and multiple roles in Dr. Strangelove.
Rowan Atkinson,A silent physical comedy master who created a global icon in a tweed jacket driving a green mini-car with a teddy bear.,The comic actor behind Mr. Bean and Blackadder.
Michael Palin,A versatile comedic actor from a legendary comedy troupe who went on to become a world-traveling documentary presenter.,The Monty Python performer who became a travel documentarian and author.
Barry Humphries,"A comedian and character actor best known for performing for decades in drag as a flamboyant, lilac-haired housewife dame.",The comedian and actor best known for the flamboyant character Dame Edna.
Michael Bublé,A smooth crooner who popularized classic swing standards and big band holiday music for modern audiences.,"The smooth jazz-pop singer known for standards, big-band arrangements, and holiday albums."
Andrea Bocelli,A blind tenor whose soaring classical crossover voice made him one of the most successful classical recording artists of all time.,The blind Italian tenor whose classical-pop concerts reached huge audiences.
Placido Domingo,A world-renowned opera tenor and conductor who became globally famous as one of three celebrated vocalists performing stadium concerts.,The celebrated tenor and conductor known as one of the Three Tenors.
José Carreras,A celebrated operatic tenor who recovered from illness to join his fellow vocal masters in world-famous stadium concerts.,The tenor known for operatic performances and Three Tenors concerts.
Pavarotti,An iconic operatic tenor with a large physical presence and handkerchief who brought opera to the masses with his soaring renditions.,The booming tenor whose concerts made opera a global pop event.
Yo-Yo Ma,"A virtuosic cellist and child prodigy who has recorded dozens of albums, bridging classical music with global folk traditions.",The cellist whose recordings and collaborations made classical music unusually accessible worldwide.
Barry Manilow,"A pop singer-songwriter and arranger known for his dramatic show tunes, romantic ballads, and a hit song about a tropical nightclub.","The singer-songwriter behind Copacabana and Mandy, with a long Las Vegas career."
James Blunt,A former military officer turned singer-songwriter who scored a massive global hit about seeing an angel on a subway.,The singer-songwriter behind You’re Beautiful and Goodbye My Lover.
Seal,A soulful singer with a distinct raspy voice and facial scars who won multiple awards for a romantic ballad featured on a superhero soundtrack.,"The singer behind Kiss from a Rose and Crazy, known for a powerful soul-pop voice."
Chris Isaak,"A retro rockabilly singer and actor known for his pompadour hairstyle, crooning vocals, and a moody hit featured in a sensual beach music video.",The singer and guitarist behind Wicked Game and a retro-Hollywood performance style.
Billy Ocean,A soul singer who scored massive 1980s pop hits with uplifting dance-pop tunes and romantic movie ballads.,The singer behind Caribbean Queen and a string of polished 1980s pop-soul hits.
Wyclef Jean,"A musician and producer who co-founded a legendary hip-hop trio before enjoying a solo career combining hip-hop, reggae, and pop.",The Fugees member and solo musician known for multilingual hip-hop and guitar-driven songs.
Fabolous,"A rapper known for his clever punchlines, throw-back sports jerseys, and a long streak of early 2000s crossover hits.",The Brooklyn rapper known for clever punchlines and the album series There Is No Competition.
Fetty Wap,"An artist with a distinct eye condition who dominated 2015 radio with a string of melodic, trap-singing radio hits.",The rapper behind Trap Queen whose melodic breakout became a major 2010s hit.
Migos,An influential rap trio who popularized the rapid-fire triplet flow in modern trap music before achieving massive chart hits.,The Atlanta rap group known for popularizing triplet flows and the culture of modern trap.
Jason Mraz,"A breezy, hat-wearing singer-songwriter known for his fast-scatting acoustic pop hits, love songs, and avocado farming.",The singer-songwriter behind I'm Yours and a bright acoustic-pop style.
Michael Franti,"An uplifting singer, musician, and activist who blends reggae, hip-hop, and folk with a barefoot stage persona focused on peace and optimism.",The singer and activist known for uplifting roots-pop songs and Spearhead.
Brandon Flowers,"The stylish, synth-playing frontman of a desert indie rock band known for anthems about a jealous lover and glowing neon visuals.",The Killers frontman known for anthemic indie rock and a theatrical stage presence.
Julian Casablancas,"The leather-jacketed, distorted-voiced frontman of a downtown rock band that spearheaded the early 2000s garage rock revival.",The Strokes frontman whose downtown rock sound helped define the early 2000s revival.
Scott Weiland,"A charismatic rock frontman known for his megaphone vocals, velvet suits, and leading two massive hard rock supergroups across the 1990s and 2000s.",The Stone Temple Pilots singer known for grunge-era vocals and Velvet Revolver.
Emeril Lagasse,"A energetic celebrity chef known for his regional cooking style, live studio audience shows, and shouting an energetic catchphrase while adding spices.",The chef and television host known for Bam! and New Orleans-influenced cooking.
Simon Cowell,"A blunt music executive and television judge known for his tight t-shirts, harsh criticisms, and creating major global talent competitions.",The blunt music executive and television judge known for American Idol and Got Talent.
Howard Stern,"A self-proclaimed king of all media who revolutionized shock-rock radio with unfiltered interviews, humor, and a long-running satellite show.",The influential radio host known for provocative interviews and a long-running SiriusXM show.
Piers Morgan,"A outspoken journalist, tabloid editor, and television host known for his controversial interview style and morning talk show debates.",The journalist and television host known for outspoken interviews and opinion programs.
Mark Cuban,An outspoken billionaire sports team owner and investor who built his fortune during the dot-com boom and judges startup business pitches.,The entrepreneur and television investor known for the Dallas Mavericks and Shark Tank.
Richard Branson,"A flamboyant, bearded billionaire entrepreneur who built an empire spanning record stores, airlines, and commercial spaceflight.","The adventurous entrepreneur who built the Virgin brand across music, travel, and spaceflight."
Barry Sanders,An elusive football running back whose unbelievable agility and low center of gravity allowed him to dodge tacklers before abruptly retiring at his peak.,The Detroit Lions running back famous for elusive cuts and one of football's greatest careers.
Nolan Ryan,"A legendary baseball pitcher who threw a record seven no-hitters and over 5,000 career strikeouts, playing past age 40 with a ferocious fastball.",The hard-throwing pitcher known for seven no-hitters and a record number of strikeouts.
Pete Sampras,"A dominant tennis champion known for his lethal serve-and-volley style, calm demeanor, and winning 14 major singles titles.",The tennis champion known for a booming serve and a record run at Wimbledon.
Andre Agassi,A colorful tennis icon who rocked long hair and neon clothes early in his career before shaving his head and completing a career sweep of major titles.,The charismatic tennis champion known for return-of-serve skill and a colorful public image.
John McEnroe,A fiery tennis prodigy and commentator famous for his unmatched touch at the net and shouting angrily at umpires.,The tennis champion famous for brilliant touch and explosive arguments with umpires.
Andy Murray,A tenacious tennis star who broke a 77-year drought for home players by winning a major grass tournament and two gold medals.,The Scottish tennis champion who became a two-time Wimbledon winner and Olympic gold medalist.
Carlos Alcaraz,"A young tennis prodigy whose explosive speed, powerful forehand, and drop shots made him the youngest world number one in history.",The young tennis champion known for explosive athleticism and major Grand Slam victories.
Carl Lewis,A dominant track and field legend who won nine gold medals across four games in sprinting and the long jump.,The track legend who won Olympic gold across sprinting and long jump over four Games.
Ryan Sheckler,"A child skateboarding prodigy who turned professional at age 13, won gold medals, and starred in his own reality show.",The skateboarding prodigy who became a television personality and action-sports star.
Paul Bettany,A fair-skinned actor who voiced a superhero's computer system before physically playing a maroon-skinned synthezoid in a suit.,"The actor known for A Beautiful Mind, WandaVision, and playing Vision in the Marvel films."
Rupert Everett,A suave actor who stole scenes as a charming best friend in a classic 1990s romantic comedy.,The actor known for My Best Friend's Wedding and a long career in British and American film.
Richard Madden,An actor who played a doomed northern king on a fantasy show before starring as a stoic security officer in a hit thriller.,"The actor known for Bodyguard, Rocketman, and a major role in Game of Thrones."
Kit Harington,A curly-haired actor who played a heroic bastard warrior who knows nothing on a fantasy drama before joining a superhero ensemble.,The actor known for playing Jon Snow in Game of Thrones and appearing in Marvel's Eternals.
Henry Cavill,"A muscular actor who wore the famous red cape as a flying alien hero, hunted monsters as a silver-haired witcher, and built gaming gear.","The actor known for Superman, The Witcher, and the spy comedy The Man from U.N.C.L.E."
Mark Strong,"A bald actor with a sharp jawline who frequently plays suave villains, intelligence chiefs, and a gadget-master secret agent.","The actor known for Tinker Tailor Soldier Spy, Kingsman, and memorable villain roles."
Hugh Laurie,"A talented actor and musician who adopted an accent to play a limp-walking, cane-using, sarcastic medical doctor.",The actor and musician who played the title doctor in House and starred in Veep.
Andrew Scott,An actor who gave an iconic performance as a criminal mastermind consulting villain and a beloved priest on a comedy-drama.,"The actor known for Fleabag, Sherlock, and All of Us Strangers."
Richard Armitage,An actor with a deep voice who played a brooding dwarf king reclaiming his mountain home in a fantasy film trilogy.,The actor known for The Hobbit trilogy and the thriller series Hannibal.
Tom Hiddleston,A charming actor who achieved global fame playing a mischievous god of mischief with green robes and a horned helmet.,"The actor known for Loki, The Night Manager, and playing a Marvel trickster."
Jeremy Irons,"A smooth, deep-voiced actor who won a major acting award for playing an enigmatic aristocrat and voiced a sinister cartoon lion king.","The actor known for Reversal of Fortune, The Lion King voice work, and Justice League."
John Lithgow,"A versatile tall actor who played an alien commander disguised as a professor, an intense serial killer, and an aging prime minister.","The actor known for 3rd Rock from the Sun, Dexter, and The Crown."
Bryan Brown,An iconic actor with a distinctive drawl who starred as a charming bartender in a classic 1980s drama and a special-effects artist.,"The actor known for Cocktail, F/X, and a long career in Australian and American cinema."
Sam Neill,An actor famous for playing a hat-wearing paleontologist who survives an island of resurrected dinosaurs.,"The actor known for Jurassic Park, The Piano, and New Zealand film."
Guy Pearce,A versatile actor who starred as a man with short-term memory loss tracking his wife's killer via tattoos.,"The actor known for Memento, L.A. Confidential, and The King's Speech."
Paul Dano,"An actor known for his intense, awkward performances as a silent teenager, a fanatical preacher, and a cryptic jigsaw-style riddle killer.","The actor known for There Will Be Blood, Little Miss Sunshine, and The Batman."
Paul Walter Hauser,A talented character actor who gave acclaimed performances as a tragic security guard falsely accused of a bombing and a prison informant.,"The actor known for I, Tonya, Richard Jewell, and the series Black Bird."
Richard Jenkins,A beloved character actor who earned dramatic acclaim as a lonely college professor playing djembe drums and a quiet aquarium worker.,"The character actor known for Six Feet Under, The Shape of Water, and Burn After Reading."
Michael Cudlitz,"A tough actor best known for playing a red-headed, mustache-wearing military veteran survivor in a zombie apocalypse drama.","The actor known for The Walking Dead, Southland, and Band of Brothers."
Eric Roberts,A ridiculously prolific actor with over 700 credits who played an escaped convict on a train and a comic book mob boss.,"The prolific actor known for Runaway Train, The Dark Knight, and an enormous filmography."
Tom Berenger,"A veteran actor who earned a major acting nomination as a scarred, tough platoon sergeant in a classic war film.","The actor known for Platoon, Major League, and The Big Chill."
Michael Douglas,A legendary actor and producer who won a major acting award for playing a greedy wall-street executive who proclaimed that greed is good.,"The Oscar-winning actor known for Wall Street, Fatal Attraction, and Ant-Man."
Peter Capaldi,"An actor famous for his intense, profane tirades as a political spin doctor and playing a velvet-coat-wearing space doctor.","The actor known for Doctor Who, The Thick of It, and sharp dramatic comedy."
Will Forte,A quirky comedic actor and writer known for playing a bumbling action hero parody and the last man surviving on earth after a virus.,"The comedian and actor known for Nebraska, The Last Man on Earth, and Saturday Night Live."
Mitch Hedberg,"A cult stand-up comedian with sunglasses and long hair famous for his surreal, deadpan one-liners and unique stage delivery.",The cult stand-up comic remembered for surreal one-liners and a distinctive deadpan style.
Steven Wright,"A deadpan stand-up comedian known for his slow, monotone voice, wild hair, and deeply philosophical, surreal one-liner jokes.","The comedian known for slow, monotone delivery and surreal observations."
Tom Petty,"A blonde rock icon who sang about free falling, running down a dream, and refusing to back down with his band.","The Heartbreakers frontman behind Free Fallin', American Girl, and decades of classic rock."
Eric Clapton,"A virtuosic blues-rock guitarist dubbed as god in early graffiti, known for his slowhand technique, acoustic tears in heaven, and layla.","The guitarist known for Cream, Layla, and one of rock's longest solo careers."
George Harrison,The quiet guitarist for the most famous rock group in history who introduced eastern sitar music to pop and sang about the sun coming.,The Beatles guitarist whose solo work included the album All Things Must Pass.
Paul Simon,"A short, brilliant songwriter who formed a legendary folk duo before exploring world rhythms on a landmark solo album.",The songwriter behind Simon & Garfunkel and solo classics such as Graceland.
Art Garfunkel,A high-tenor vocalist with an angelic voice and fluffy golden hair who sang lead on a famous bridge over troubled water ballad.,The singer whose high tenor helped define Simon & Garfunkel's folk-pop sound.
John Denver,A round-glasses-wearing folk-pop singer who sang joyful songs about country roads taking him home and mountain highs.,"The singer-songwriter behind Take Me Home, Country Roads and Rocky Mountain High."
Willie Nelson,"A braided-hair country outlaw who plays a beat-up acoustic guitar, sings about being on the road again, and advocates for farm relief.",The country outlaw and songwriter behind On the Road Again and a vast American songbook.
Johnny Cash,A deep-voiced country legend dressed entirely in black who sang for prison inmates and recorded a chilling cover of a rock song late in life.,The Man in Black whose deep voice and songs such as Ring of Fire shaped country music.
Kris Kristofferson,A scholar turned country songwriter and actor who wrote iconic songs about freedom being another word for nothing left to lose.,"The songwriter, actor, and Highwaymen member behind Me and Bobby McGee."
Merle Haggard,A country music legend who spent time in prison before creating a popular regional sound and writing songs about being proud of his roots.,The country singer and songwriter behind Okie from Muskogee and Mama Tried.
Waylon Jennings,A pioneer of outlaw country music with a deep voice and leather-bound guitar who narrated a popular country car-chasing television show.,"The outlaw-country singer and songwriter known for Luckenbach, Texas."
Muhammad Ali,A charismatic heavyweight boxing icon who float like a butterfly and stung like a bee while fighting for civil rights.,The boxing champion known as The Greatest who became a global civil-rights and sports icon.
Julius Erving,"A graceful basketball legend known by a medical moniker who revolutionized the sport with his soaring, above-the-rim dunks.","Dr. J, the ABA and NBA star known for graceful dunks and a championship career."
Pelé,"A football deity who won three world championships as a teenager and global star, scoring over 1,000 career goals.",The Brazilian football legend who won three World Cups and became a worldwide sports symbol.
Diego Maradona,A compact football genius who single-handedly led his nation to a world title with a controversial hand goal and a century goal.,The Argentine football genius who led his country to the 1986 World Cup.
Zinedine Zidane,"A maestro midfielder known for his incredible ball control, volley goal in a championship match, and a famous headbutt in his final game.",The French football star who won the World Cup and later managed Real Madrid.
Ronaldinho,"A joyful football magician who played with a constant smile, pulling off unbelievable tricks, flips, and no-look passes.","The Brazilian football magician known for elastic dribbling, smiles, and Barcelona brilliance."
Fernando Alonso,A relentless motorsport driver who ended a long championship streak in the mid-2000s and competed into his 40s.,The two-time Formula One champion known for elite racecraft and a long international career.
Robert Redford,"A golden-haired leading man, director, and festival founder who starred in iconic buddy films and political thrillers.",The actor and director known for Butch Cassidy and the Sundance Kid and All the President's Men.
Warren Beatty,"A handsome leading man, writer, and director who produced landmark 1960s crime classics and epic historical dramas.","The actor, director, and producer behind Bonnie and Clyde, Reds, and Heaven Can Wait."
Gene Kelly,"A athletic, smiling dancer and actor who famously splashed through puddles in a rainstorm with an umbrella in a classic musical.","The dancer, actor, and choreographer known for Singin' in the Rain and An American in Paris."
Fred Astaire,An extraordinarily elegant dancer and actor who performed flawless tap routines in a top hat and tails alongside his iconic female partner.,The elegant dancer and actor whose partnerships with Ginger Rogers defined Hollywood musicals.
Gregory Peck,"A tall, dignified actor who won a top acting award for playing a noble, principled lawyer defending an innocent man in a small town.",The Oscar-winning star of To Kill a Mockingbird and Roman Holiday.
Sidney Poitier,A groundbreaking actor and diplomat who became the first man of color to win a top lead acting award for playing an itinerant handyman.,The pioneering actor and director who became the first Black man to win the Best Actor Oscar.
Tom Jones,"A powerful singer with a booming baritone voice, chest hair, and tight pants who commanded stage shows with infectious hits.","The Welsh singer known for It's Not Unusual, Delilah, and a powerful baritone voice."
Barry White,"A deep, velvet-voiced soul singer and conductor whose romantic spoken-word intros and lush orchestral arrangements defined 1970s love songs.","The deep-voiced soul singer behind You're the First, the Last, My Everything."
Al Green,A soulful singer with an extraordinary falsetto and velvet voice who recorded timeless 1970s love hits before becoming an ordained minister.,The soul singer and minister known for Let's Stay Together and a velvet voice.
Denzel Curry,"A rapper known for his intense, fast-paced vocal delivery, anime references, and dark, energetic hip-hop albums.","The Carol City rapper known for Ultimate, Melt My Eyez See Your Future, and vivid animated music videos."
Aminé,"A colorful rapper and singer known for his playful, yellow-themed aesthetic, clever lyrics, and infectious breakout hits.","The Portland artist behind Caroline and Good for You, known for inventive pop-rap production."
Christopher Guest,A filmmaker and performer known for dry ensemble comedy and an unusually committed approach to fictional documentary worlds.,"The creator behind This Is Spinal Tap, Waiting for Guffman, Best in Show, and A Mighty Wind."
Steve Zahn,A versatile American performer whose comic energy often gives way to unexpectedly warm or dramatic supporting roles.,"The actor known for Reality Bites, Saving Silverman, Sahara, and the voice of Stuart Little's villainous feline."
David Strathairn,A respected American character actor known for restrained performances and an especially strong presence in historical drama.,"The Oscar-nominated star of Good Night, and Good Luck., known for portraying journalist Edward R. Murrow."
